번호,URL주소,해쉬태그
1,https://scontent-ssn1-1.cdninstagram.com/v/t51.2885-15/292474205_387400883259762_7073257423514612265_n.jpg?stp=dst-webp_e35&cb=9ad74b5e-be52112b&_nc_ht=scontent-ssn1-1.cdninstagram.com&_nc_cat=106&_nc_ohc=GZChkuDmJe8AX8j3lKe&edm=AGyKU4gBAAAA&ccb=7-5&ig_cache_key=Mjg3NzcyMDMyMTg5Njg5ODg0OA%3D%3D.2-ccb7-5&oh=00_AT8tHHUnyfOJUtlPvOvHyswkvUhfCSVKmuWPh_gmXIo6VQ&oe=62D18284&_nc_sid=4cb768,"['#잠실', '#잠실데이트', '#잠실데이트코스', '#잠실맛집', '#잠실맛집추천', '#잠실카페', '#잠실술집', '#잠실가볼만한곳', '#강남맛집', '#강남맛집추천', '#강남술집', '#석촌호수맛집', '#송파구맛집', '#송파구술집', '#송파나루맛집', '#송리단길맛집', '#송리단길술집', '#송리단길데이트', '#석촌호수술집', '#데이트코스추천', '#데이트코스', '#칵테일바', '#서울칵테일바추천', '#칵테일바추천']"
2,https://scontent-ssn1-1.cdninstagram.com/v/t51.2885-15/292474205_387400883259762_7073257423514612265_n.jpg?stp=dst-webp_e35&cb=9ad74b5e-be52112b&_nc_ht=scontent-ssn1-1.cdninstagram.com&_nc_cat=106&_nc_ohc=GZChkuDmJe8AX8j3lKe&edm=AGyKU4gBAAAA&ccb=7-5&ig_cache_key=Mjg3NzcyMDMyMTg5Njg5ODg0OA%3D%3D.2-ccb7-5&oh=00_AT8tHHUnyfOJUtlPvOvHyswkvUhfCSVKmuWPh_gmXIo6VQ&oe=62D18284&_nc_sid=4cb768,"['#1일1카페', '#무니', '#무니', '#압구정카페', '#무니', '#1일1캎', '#1일1캎_서울', '#강남카페', '#서울카페', '#압구정무니', '#서울무니카페', '#쉐이크맛집', '#크로넛맛집', '#빵지순례', '#압구정로데오카페', '#서울무니', '#서울핫플', '#디저트카페', '#강남디저트', '#강남맛집', '#강남카페맛집', '#압구정카페맛집', '#유럽풍건물카페', '#강남명소', '#강남가볼만한곳', '#감성카페', '#국내카페', '#국내카페추천']"
3,https://scontent-ssn1-1.cdninstagram.com/v/t51.2885-15/292474205_387400883259762_7073257423514612265_n.jpg?stp=dst-webp_e35&cb=9ad74b5e-be52112b&_nc_ht=scontent-ssn1-1.cdninstagram.com&_nc_cat=106&_nc_ohc=GZChkuDmJe8AX8j3lKe&edm=AGyKU4gBAAAA&ccb=7-5&ig_cache_key=Mjg3NzcyMDMyMTg5Njg5ODg0OA%3D%3D.2-ccb7-5&oh=00_AT8tHHUnyfOJUtlPvOvHyswkvUhfCSVKmuWPh_gmXIo6VQ&oe=62D18284&_nc_sid=4cb768,"['#교다이야', '#합정맛집', '#우동맛집', '#냉우동맛집', '#붓카케우동', '#일식맛집', '#합정데이트']"
4,https://scontent-ssn1-1.cdninstagram.com/v/t51.2885-15/292474205_387400883259762_7073257423514612265_n.jpg?stp=dst-webp_e35&cb=9ad74b5e-be52112b&_nc_ht=scontent-ssn1-1.cdninstagram.com&_nc_cat=106&_nc_ohc=GZChkuDmJe8AX8j3lKe&edm=AGyKU4gBAAAA&ccb=7-5&ig_cache_key=Mjg3NzcyMDMyMTg5Njg5ODg0OA%3D%3D.2-ccb7-5&oh=00_AT8tHHUnyfOJUtlPvOvHyswkvUhfCSVKmuWPh_gmXIo6VQ&oe=62D18284&_nc_sid=4cb768,"['#남산터신논현점', '#강남맛집', '#강남역맛집', '#강남밥집', '#강남부대찌개', '#강남점심', '#강남술집', '#강남역술집', '#강남회식', '#강남모임장소', '#강남데이트', '#신논현맛집', '#신논현역맛집', '#신논현밥집', '#신논현부대찌개', '#부대찌개맛집', '#부찌맛집', '#해장맛집', '#남산터']"
5,https://scontent-ssn1-1.cdninstagram.com/v/t51.2885-15/292474205_387400883259762_7073257423514612265_n.jpg?stp=dst-webp_e35&cb=9ad74b5e-be52112b&_nc_ht=scontent-ssn1-1.cdninstagram.com&_nc_cat=106&_nc_ohc=GZChkuDmJe8AX8j3lKe&edm=AGyKU4gBAAAA&ccb=7-5&ig_cache_key=Mjg3NzcyMDMyMTg5Njg5ODg0OA%3D%3D.2-ccb7-5&oh=00_AT8tHHUnyfOJUtlPvOvHyswkvUhfCSVKmuWPh_gmXIo6VQ&oe=62D18284&_nc_sid=4cb768,"['#내궁맛집_신사', '#신사동맛집', '#압구정맛집', '#압구정로데오맛집', '#강남맛집', '#오마카세맛집', '#키이로']"
6,https://scontent-ssn1-1.cdninstagram.com/v/t51.2885-15/292474205_387400883259762_7073257423514612265_n.jpg?stp=dst-webp_e35&cb=9ad74b5e-be52112b&_nc_ht=scontent-ssn1-1.cdninstagram.com&_nc_cat=106&_nc_ohc=GZChkuDmJe8AX8j3lKe&edm=AGyKU4gBAAAA&ccb=7-5&ig_cache_key=Mjg3NzcyMDMyMTg5Njg5ODg0OA%3D%3D.2-ccb7-5&oh=00_AT8tHHUnyfOJUtlPvOvHyswkvUhfCSVKmuWPh_gmXIo6VQ&oe=62D18284&_nc_sid=4cb768,"['#플매_강남', '#육품', '#서울맛집', '#서울여행', '#강남맛집', '#강남역맛집', '#서초맛집', '#서초동맛집', '#먹스타그램', '#맛스타그램', '#고기맛집']"
7,https://scontent-ssn1-1.cdninstagram.com/v/t51.2885-15/292474205_387400883259762_7073257423514612265_n.jpg?stp=dst-webp_e35&cb=9ad74b5e-be52112b&_nc_ht=scontent-ssn1-1.cdninstagram.com&_nc_cat=106&_nc_ohc=GZChkuDmJe8AX8j3lKe&edm=AGyKU4gBAAAA&ccb=7-5&ig_cache_key=Mjg3NzcyMDMyMTg5Njg5ODg0OA%3D%3D.2-ccb7-5&oh=00_AT8tHHUnyfOJUtlPvOvHyswkvUhfCSVKmuWPh_gmXIo6VQ&oe=62D18284&_nc_sid=4cb768,"['#선릉', '#오봉집', '#투어_선릉', '#선릉맛집', '#선릉역', '#선릉역맛집', '#선릉술집', '#강남', '#강남맛집', '#술안주', '#독도소주', '#소주', '#낙지볶음', '#칼국수', '#낙지', '#밥반찬', '#밥도둑', '#술스타그램', '#먹팔', '#먹스타그램', '#주먹밥', '#직화', '#쭈꾸미', '#막국수', '#강남술집']"
8,https://scontent-ssn1-1.cdninstagram.com/v/t51.2885-15/292474205_387400883259762_7073257423514612265_n.jpg?stp=dst-webp_e35&cb=9ad74b5e-be52112b&_nc_ht=scontent-ssn1-1.cdninstagram.com&_nc_cat=106&_nc_ohc=GZChkuDmJe8AX8j3lKe&edm=AGyKU4gBAAAA&ccb=7-5&ig_cache_key=Mjg3NzcyMDMyMTg5Njg5ODg0OA%3D%3D.2-ccb7-5&oh=00_AT8tHHUnyfOJUtlPvOvHyswkvUhfCSVKmuWPh_gmXIo6VQ&oe=62D18284&_nc_sid=4cb768,"['#스테이터', '#강남', '#스테이터', '#강남맛집', '#강남맛집추천', '#강남데이트코스', '#강남데이트코스추천', '#가성비스테이크', '#파스타맛집', '#육회비빔밥', '#고기맛집', '#스테이크맛집', '#강남고기맛집', '#강남스테이크맛집', '#서울맛집추천', '#신논현맛집', '#신논현역맛집', '#신논현역맛집추천', '#신논현맛집추천', '#먹팔', '#맞팔', '#소통', '#먹소통']"
9,https://scontent-ssn1-1.cdninstagram.com/v/t51.2885-15/292474205_387400883259762_7073257423514612265_n.jpg?stp=dst-webp_e35&cb=9ad74b5e-be52112b&_nc_ht=scontent-ssn1-1.cdninstagram.com&_nc_cat=106&_nc_ohc=GZChkuDmJe8AX8j3lKe&edm=AGyKU4gBAAAA&ccb=7-5&ig_cache_key=Mjg3NzcyMDMyMTg5Njg5ODg0OA%3D%3D.2-ccb7-5&oh=00_AT8tHHUnyfOJUtlPvOvHyswkvUhfCSVKmuWPh_gmXIo6VQ&oe=62D18284&_nc_sid=4cb768,"['#제주성산맛집', '#강남맛집']"
