번호,제목,공개일,상담내역
1,인라인장 주차장 사용 금지 요청,2022-06-27,한강 시민공원의 유일한 인라인장을주말마다 수영장 이용객을 위해 주차장으로 쓴다는데...제3주차장과 국회둔치 주차장이 있는데 꼭 인라인장을 주차장으로 써야 하나요?놀 곳 없는 아이들주말마다 가서 신나게 달리고 노는 장소였는데..개선이 필요한 것 같습니다요.그리고차가 이렇게 많이 올 정도면 수영장 인원도 많다는 얘긴데..아직 적당한 거리두기 하고 있는거 아닌가요..
2,전기차 화재 진압 프로토콜 변경 요청,2022-06-14,"안녕하세요. 최근 이슈가 되고 있는 전기차 화재 발생 시 진압 프로토콜에 큰 문제가 있어서 간곡히 건의 드립니다.최근 부산에서 발생한 전기차 화재 관련 뉴스 기사를 보니 현재 전기차에 화재 발생 시 자동차 주변에 가벽을 설치하고 배터리가 모두 잠길 때까지 물을 붓는다고 설명하였는데,리튬 배터리의 경우 물을 부으면 물과 리튬이 반응하여 고열이 더 발생하기 때문에 열폭주를 더욱 심하게 발생시킬 수 있습니다.전기차 화재 발생시에는 리튬 전용 소화기 사용을 해야 하고 불가능하면 최소한 물 대신 모래를 부어야 물 보다 빨리 진압이 가능 합니다.하루라도 빨리 전기차 화재 발생 시 화재 진압 프로토콜이 효율적으로 적용되어 한 명의 목숨이라도 더 살릴 수 있길 바랍니다."
3,Green seoul,2022-06-13,이제는 도로를 넓이는것보다는  가로수를 많이심어서 녹색 서울로  바꿔야합니다차로  중앙에 가로수를  심었으면 합니다차로가 좁은만큼 차도 덜 나올것이고 도로가 넓어지는만큼 자동차만 많아질것입니다서울시는 대중교통이 편리한만큼 자동차없이도 얼마든지 편리하게 다닐수있는 도시입니다사대문안이라도 도로  중앙에 가로수를  많이심어서 가로수길로 만들어 도시환경도 좋아질 것 같습니다 전 세계가 부러워하는 서울이 되었으면합니다많으어려움이 있겠지만 어떠한 투자보다도 나무를 많이 심는 투자가 제일이 이니겠습니까.
4,7월 예정되어 있는 퀴어축제를 강력히 반대합니다,2022-06-13,"7월 예정되어 있는 퀴어축제를 강력히 반대합니다.퀴어축제는 차별금지법과 많은 연관성이 있습니다.동성애자들은 저희가 사랑해야 할 대상임은 맞습니다.그러나 사뢰적 문제로 대두되었던 N번방 사건이나 찜방 등 문제가 되었던 그들의 문화는 정상적이지 않습니다.그 과정에서 표현되었던 항문성교로 인하여 발생되는 다양한 성병과 성중독은치료의 대상임에도 이미 차별금지법을 시행하고 있는 영구의 사례를 보았을 때,동성애자들이 탈동성애를 하고 싶어 치료를 요구할 때도 이를 금지하는 법안까지 나오고 있어 그야말로 건강과 자류를 억압하는 제도가 되고 있음을 볼 수 있습니다.이미 차별금지법이 시행되고 있는 미국, 영국, 유럽의 사례를 보더라도 트랜스젠더 운동선수로 인하여 여성 선수들이 겪는 역차별, 성중립 화장실, 성중립 목욕탕 등에서 터지는 성폭력, 성추행 보도는 너무 많아서 넘쳐날 정도 입니다.이 글을 읽고 오버하지 말라고도 할 수 있으나해외사례를 통해 앞으로 우리나라에서 일어날 일을 예상 할 수 있습니다.퀴어축제는 성소수자들의 보호받아야 할 행사가 아닌, 비정상적인 행위가 정상적으로 보여질 수 있는 행사입니다.이에 퀴어축제를 강력히 반대합니다."
5,시장님 구로창업허브 신설에 청년제조업을 위해 힘써주세요,2022-06-11,"안녕하세요! 시장님!저는 서울에서 화장품을 만들고 있는 서울시민 입니다.늦게나마 당선을 축하드리며, 앞으로의 한걸음 한걸음이 바르고 의미있기를 기원합니다.직접 찾아 뵐 길도 없고,  어떻게 건의를 드릴 방법도 없어 이렇게 장문의 질의를 보냄을 용서해 주십시오.제가 이번에 이렇게 질의를 보내게된 것은 청년제조업의 위기에 대한 이야기를 드리기 위함입니다.저는 화장품개발 연구원 생활을 통해 화장품 원료의 개발부터 제조-충진-포장-물류-유통까지 전체 공정을 익히고 나서 2017년 1인 창조기업으로 창업을 시작했습니다.그동안 고비도 많았지만 주변분들의 도움으로 꾸준히 사업을 이어 나갈 수 있었습니다.그리고 코로나의 광풍이 사그라 들기 시작한 이 시기, 저는 공장을 만들어 보고자 서울시가 지원하는 창업공간들을 찾아 지원사업에 지원하기 시작했습니다. 하지만, 저는 결국 서울시의 창업공간들에 지원했다가 탈락의 고배를 마셨습니다.특히 한 창업 공간은 도시 제조업을 위한 창업자들을 모집한다는 공간이었습니다.저는 화장품 창업자 이기에 만약 그공간에 입주한다면 공장을 만들고자 했었고,공장을 만들고 나면 그 공장에 예비 창업자들을 위한 화장품 창업교육과 직접개발-직접제조를 위한 공유공장으로 바꾸어 누구나 자신의 화장품 브랜드를 직접 개발할 수 있도록 하고자 했습니다.이러한 배경에는 현 화장품법이 애초애 약사법에서 시작되었기에 화장품 제조업 시설 기준이 매우 까다롭고, 개인이 화장품을 부엌이나 집에서 만들면 안되며,일반적인 oem 공장은 5000개 이상만을 제조해야 컨택이 가능하기에 처음시작하는 화장품 창업자들이 초도생산비용과 재고위험을 안고 시작하는 부담을 줄이기 위함이었습니다.그래서 호기롭게 창업공간에 지원했지만 결국 모든 입주지원에 탈락했고, 이러한 배경에는 창업공간이 ""제조업허가 및 공장등록이 되지 않아서"" 라는 배경이 적용했습니다.그리고 입주한 업체들의 면면을 보면,디자인 회사, 어플 개발사, 서비스 플랫폼 등이 주류였습니다.놀라은 사실은 이런 업체들은 굳이 사무실 없이도 재택근무를 추진 할 수 있는 4차산업 기업이라는 점입니다.팬데믹이후 4차 산업 기업들은 재택근무 전환이 가능했고 굳이 사무실이 없어도 업무가 가능하다는 사실이 증명되었지만.창업지원은 여전히 전 정부의 기조를 벗어나지 못한 채 정보산업 위주로 편중되어있습니다.하지만 우리나라가 정말 정보산업만이 답일까요?저는 이 질문에 당연히 ""아니요"" 라고 말할 수 있습니다.한국어를 사용하는 인구는 전세계 1억명 미만입니다. 한국의 정보산업 인프라는 세계 일류이지만 다른나라의 수준은 그에 미치지 못하고한국만의 높은 서비스 표준이 전세계의 낮은 서비스 평균수준과 문화적 차이를 고려할 때 세계 표준이 되기에는 무리가 있습니다.즉 한국 4차산업은 한국만의 고유한 스타일로 5000만명을 대상으로만 시장성이 있을 뿐 그외의 지역에서는 분명히 한계를 드러낼 것이라 전망됩니다.   하지만  전 정권의 관계자들은 ""4차산업이 미래""라는 기조로 제조업을 사양산업 취급하고 있습니다. 하지만 제조업은 나라에 꼭 필요한 산업 입니다.우리는 걸핏하면 중국과 일본의 수출중단 무역규제등으로 산업의 위기를 겪어 왔습니다.우크라이나 러시아 전쟁으로 각종 물가와 환율이 요동쳐 국민들의 삶이 피폐해지고 있습니다.이건 바로 제조업이 우리 삶을 직접적으로 관통하고 있다는 의미입니다.제조업이 고도화되고 그 기반이 탄탄할 때 우리의 생활이 안정화 됩니다.부가가치를 창출하고 생산성이 현금화 되고 이것이 나라를 부강하게 하는 근본이 되리라 의심치 않습니다.하지만 누구나 제조업을 시작하기는 너무나 어렵습니다.공장이 있어야 하고, 기술이 있어야 하고, 기계가 있어야 하고, 시설기준이 충족되어야 하고, 일하는 사람이 있어야 합니다.그렇게 다 갖춰도 망하면 빚과 함께 재고가 남습니다.시작이 너무나 어렵고 시작해도 운영이 어렵고 망해도 다시 시작 할 수 없을 만큼 위험합니다.그래서 IT창업에 비해 제조창업의 투자액은 정부기관과 민간 투자기관 둘다 크나큰 차이를 보입니다.  아무도 제조 창업에 투자하고 싶어하지 않습니다.서울 창업 허브입주 기업모집 설명에는 ""연내 투자유치 가능 기업을 입주""시키겠다는 내용이 있고 입주심사조차 유력 벤처캐피털의 심사자들을 통해 이루어집니다.즉 제조 창업은 투자도 안되고 입주도 안됩니다. 서울시내 공장설립이 가능한 곳은 줄어들고, 투자도 안되고, 공장설립도 안됩니다. IT창업자의 창업성공 사례를 보면  ""몇번의 창업실패 끝에 수천억 기업을 만들었다"" 라는 이야기를 자랑처럼 합니다.하지만 제조업은 한번 망하면 창업자는 다시 일어날 수 없습니다.그렇기 때문에 국가와 정부의 제조창업 인프라 구축과 자금지원이 너무나 필요합니다.하지만 정부와 지자체에서 지원하는 창업공간과  창업지원금은 제조업에게 너무나 인색하고 매몰찹니다.창업공간에 공장등록이 안되서 입주를 못한다는 이런 비상식적인 답변을 듣지 않게 해주십시오.사무실이 없어도 되는 회사에 사무실을 주기위해서, 멋들어진 IT스타트업 창업가가 아니라서 열악하고 위험한 환경에서 일해야하는 제조창업자가 홀대받지 않게 도와주세요.제조 창업자는 몸을 던져 산업현장에서 일하는 투사입니다. 험한 일, 궂은 일, 더러운 일을 해야하고 남들보기 멋지지 않은 일을 해야합니다.그렇기에 정치인들이 카메라 앞에 세워놓고 사진찍기 좋은 사람들은 아닙니다.하지만 그 일의 가치를 알고 자신의 혼을 담아 물건을 만드는 사람들이 천대받는 일은 없으면 좋겠습니다.시장님의 이번선거 공약사항에 구로구에 창업허브를 세운다는 내용이 있는 것으로 알고 있습니다.이번 창업허브설립에 저희도 힘을 보태고 싶습니다.저희는 이번 창업허브가 생긴다면 화장품, 식품, 의약품 공유공장을 짓고 초기 창업자들에게 직접 연구 직접 생산 직접 유통 까지 할 수 있도록책임지는 제조창업의 기틀을 마련하는 교육공간을 만들고,제조창업을 시작 할 수 있게 하고 싶습니다.부디 앞으로의 건승을 빌며 이만 당부의 말씀을 마칩니다"
6,신혼부부 전세자금 대출 연장 관련 건,2022-06-09,"안녕하세요. 오세훈 시장님, 저희는 2020년 7월 서울시 임차보증금 이자지원 사업을 지원받아 전세자금대출을 받고있는 신혼부부 입니다. 여기에서 신혼부부로 검색을 해보니 이미 저와 같은 내용으로 질의한 시민들이 많이 있었습니다. 달아주신 답변글( ’20년 당시 연 1억원에 가까운 소득기준으로 상향조정할 때도 관련기관 협의에 난항을 겪었을 뿐 아니라 조정 후 2년이 지나지 않은 현 시점에서 연소득 기준 상향에 대한 검토는 어려운 상황이라는 점을 양지하여 주시기 바랍니다.)을 보았으나, 소득 구간을 상향한지 벌써 또 2년이 지났고, 그 사이 물가는 천정 부지로 치솟고 있습니다. 저희는 7월 전세 갱신계약을 진행하기 위해 대출연장이 필요한 상황입니다. 그런데 소득 9700만원 제한으로 연장이 되지않는 부분에 대해 건의드립니다. 전세금도 오르고, 물가도 오르고, 대출이자도 오르는데 해당 정책의 소득구간은 계속 동일한 것은 납득이 되지 않습니다.1회 연장에 한해서라도 소득 제한없이 연장될 수 있는 방안을 검토 드립니다.한예로 저희의 경우는 매년소득이 9700만원 이하였으나, 21년도 부부 모두 상여금이 나오는 바람에 9700만원을 초과한 상황입니다. 단 한번 초과로 연장이 불가능 한 것은 불합리하다고 생각합니다. 내년도 소득은 다시 9700만원 이하가 될텐데 말이죠.. 갱신을 내년도에 할 수 있는 것도 아니니 이런부분은 재검토가 필요하지 않을까요? 상여금을 제외한 소득만 봐주신다던지요.. 이자보전이 불가능하다면 대출은 연장해주는대신 이자보전부분을 조정해도 될텐데요. 긍정적인 검토 및 답변 부탁드립니다. 감사합니다."
7,서울광장퀴어행사 반대,2022-06-09,서울광장은 대한민국의 상징이되는 장소입니다. 대다수의 국민이 공감하고 즐거워할수 있는 그런 장소가 되어야 할것입니다.퀴어행사는 위생학이나 의학적으로 심각한 문제를 유발하는 행사이지요.자녀세대와 동성애나 젠더흐름을 공유할수는 없습니다!에이즈 뿐만 아니라 원숭이 두창으로 우려되는 동성애를 옹호하거나 조장하는 분위기가 되지 않도록 막아주십시요.!서울광장 퀴어행사 반대합니다!
8,공공주택 신청 일원화,2022-06-02,"안녕하세요 시장님저는 서울 광진구에 살고 있는 30대 회사원 입니다다름이 아니라제가 여자친구와 결혼 준비하면서 주택을 알아 보고있습니다LH, SH, 행복주택, 청년주택 온갖 단어는 많은데제가 처음 접해봐서 그런지 많이 어렵고 복잡하게 느껴졌습니다...무엇보다 공고를 보는 홈페이지가 전부 다르고 신청하는 홈페이지도 전부 다르게 되어있어 더욱 혼란스러운것 같은데요혹시 공고를 보는 홈페이지 그리고 신청하는 홈페이지를 일원화 하는 방법은 어떨지 시장님께 건의 드립니다늘 서울시를 위해 일해주시는 시장님의 노고에 감사드립니다"
9,김어준의 교통방송을 하루 빨리 중단 시켜주세요.,2022-06-02,"안녕하세요. 서울 시민입니다.TBS는 서울시에서 제공하는 예산으로 운영 되는 방송으로 알고 있습니다.서울시의 예산은 서울 시민 여러분이 납부하는 세금으로 운영되고 있지요.하지만 TBS방송 중 특히 김어준의 교통방송은 왜 지속되고 있으며, 세금을 투입해서 그 사람이 고액연봉을 취하고 있는지 이해가 되지 않습니다.서울 시민의 세금이 쓰인다는 것은 공익을 위한 일이어야 합니다.그런데 김어준의 교통방송이 진정 공익을 위한 방송인가요?특정 정당의 지지, 선동, 선거 운동과 같은 수단 그 이상도 이하도 아닙니다.제가 낸 세금이 그런 사람 월급으로 쓰인다는 것에 대한 분노와 불쾌감이 극에 달합니다.김어준의 교통방송(말만 교통방송이지, 더불어민주당 광고 방송)은 제발 이제 그만 귀에 들리도록 조치를 해주시기를 간곡히 부탁드립니다.위에 말씀 드린 봐와 같이, 김어준의 교통방송은 전혀 공익을 위한 내용이 아니며 그런 곳에 세금이 투입 될 이유가 단 하나도 없습니다."
10,장애아동돌봄 서비스 '둥지' 제안서,2022-05-29,"안녕하십니까?00대학교 사회복지학과 장애인복지론 수강생 5인이 장애아동돌봄서비스 앱 개발에 관하여 건의하고자 이렇게 글을 남깁니다.2022년 5월, 발생한 서울 성동구의 6세의 발달장애아동과 40대 어머니가 목숨을 끊는 안타까운 사건이 있었습니다.  지난 3월에는 광주광역시에서는 중증 발달장애인 20대 딸과 동반자살을 하려하여 딸만이 죽는 비극 또한 있었습니다. 작금의 우리사회는 장애아동 부모에게 하여금 무한 돌봄을 강요하고 있습니다. 이로 인한 극단적인 스트레스는 장애아동 부모에게 하여금 심리적-정서적 문제, 경제적 압박, 사회적 편견 등의 문제로 이어져 극단적인 선택을 만들고 있습니다. 따라서 장애아동 돌봄은 장애아동 뿐만 아니라, 장애아동의 가족들과 주변인에게 하여금 효과성을 띄어야 합니다. 현재로서는 장애아동 가족 돌봄 부담의 경감을 위한 장애아동가족지원 ‘장애아동돌봄서비스’와 ‘장애인활동지원서비스’가 있습니다. 하지만 이 두 서비스는 서비스 운영문제, 돌봄소외, 돌봄선생님의 전문성 문제와 관리부재, 수요에 맞지 않은 지원의 문제가 발생하고 있습니다.이를 해결하기 위해선 ‘장애아동돌봄서비스’에 대한 발전이 필요합니다. 위에서 이야기한 문제점들을 보완하면서 장애아동 및 가족에게 더 접근성이 용이하고 긴급돌봄과 같이 이용자 욕구에 맞는 서비스를 쉽게 이용할 수 있는 방법을 찾아야합니다. 이러한 생각에서 이어져 나온 것이 바로 ‘장애아동돌봄서비스 어플리케이션’ 입니다. 우리는 기존의 사설 아이돌봄서비스 앱 ‘맘시터’, ‘돌봄플러스’를 참고하여 ‘일반아동돌봄’을 ‘장애아동돌봄’으로 변환하여 새로운 앱 ‘둥지’를 개발 및 운영하는 것을 서울시에게 건의하고자 합니다.장애아동돌봄 앱 ‘둥지’의 목표는 다음과 같습니다. 첫번째, 학령기 전 후의 장애영유아 (0~6세)를 타켓으로 장애 영유아 에게 필요한 현실에 적용가능한 돌봄교육을 제공하고자 합니다. 두번째, 대상을 장애아동가정의 비장애 형제 또는 경증 장애인형제로 확대하여 돌봄 소외를 해소하고자 합니다. 세번째, 주기적으로 돌봄 선생님에게 교육을 제공하여 전문성을 높이고자 합니다. 네번째, 단기돌봄 지원, 주민센터 신청 등의 불편한 행정처리를 앱을 통해 효율적으로 재편하고자 합니다. 마지막으로  지역주민의 돌봄 참여 증가와 앱 내 리뷰 시스템의 도입으로 투명한 돌봄서비스를 제공하고자 합니다. 감사합니다.위 내용은 00대학교 사회복지학과 장애인복지론 수업의 일환으로 작성되었습니다."
11,착한임대인 지원사업 추가 시행 여부 문의,2022-05-02,"전 상가임대인입니다.서울시에서 시행하는 착한임대인 지원사업을 뒤늦게 알게되었고,좋은 제도라고 생각합니다.저도 참여하고 싶은데 신청기간이 끝났네요.작년 하반기에 추가 사업모집을 했던데, 혹시, 올해 하반기에도 추가 모집계획이 있나요?"
12,남산터널 통행료관련,2022-05-01,"본인은 서울시 중구에 주민등록을 하고 서울4대문안에 거주하는 시민입니다.  본인의 민원사항은 남산터널의 통행료관련으로 매일  남산터널 을 통과해야하는 사람인데 서울시, 특히나 4대문안에 주민등록을 두고 거주하는 사람이므로 남산터널 통행료의 완전 혹은 감면혜택이 주어져야한다고 생각됩니다. 어느 지역을 가더라도 지역주민은 교통, 관광, 크게는 의료에 관해서도 우대를 받고있는데 주소지가 중심부에있어 남산터널을 많이 이용함에도 배려가 없어 아쉽습니다. 이에대한 고려를 심사숙고해 주시기 바랍니다."
13,위례과천선- 북위례 경유 거여역 연결 요청,2022-04-09,"위례과천선을 절실하게 교통 개선이 필요한 송파구 북위례와 거여마천 주민들에게 돌려주세요.위례과천선이 2008년에 처음 제안될때 초기안은 거여역이 종점 예정이었으나, 현재 유력한 노선은 송파구는 복정역이 종점으로 끊기게 됩니다.위례과천선이 당초 원안대로 북위례를 경유하여 거여 마천지역까지 연장될 수 있도록 해주십시오.현재 개발진행중인 거여마천뉴타운과 북위례신도시의 10만명 주민의 심각한 교통난을 겪고 있습니다.(북위례 지하철 없음,거여마천 5호선 반가닥 배차간격 14분)그러나 현재 가장 유력한 위례과천선 노선은 이미 역이 3개(8호선 장지역,문정역 과 위례신사선 예정)나 있는 문정동은 새로운 정차역이 신설되면서, 10만 인구가 0.5가닥 5호선에 의지하고 있는 거여마천동은 빼버릴 수가 있습니까?(또한 복정역도 주변에 인구도 별로 없고 이미 8호선,분당선,위례선이 있는데 새로 위과선까지 추가됩니다.)낙후된 거여/마천동 지역균형발전과 교통 지옥으로 고통받는 주민들을 위해 반드시 위례과천선은 거여마천으로 가야합니다.교통 지옥인 송파구 거여,마천동은 강남 접근성도 낮으며, 10만명의 주민들은 배차간격 14분인 반가닥 5호선에만 의지하고 있습니다.위치는 송파구에 위치해 있으면서도 여의도, 광화문, 강남 뿐 아니라 동일한 행정구역이 잠실까지도 접근이 어려운 교통 소외지역입니다.국토부 서울시 송파구가 유기적으로 협력하여 북위례, 거여마천뉴타운 지역의 심각한 교통난을 해소해 주시길 간곡히 소망합니다.수서역에서 장지천을 따라 북위례를 경유하여 거여역을 연결하여 송파구 거여 마천 위례주민들이 SRT 이용과 강남으로 출퇴근 하는데 불편함이 없도록 노선 조정 바랍니다."
14,불광동329-32번지 도심공공주택복합사업 빠른 추진요청,2022-04-07,안녕하세요.저는 21년 3월 도심공공주택복합사업 저층주거지 개발 사업에 후보지로 선정된 불광동 329-32번지 구역에 살고있는 소유주입니다.우리 구역 소유주 대다수는 정부를 믿고재개발 정책을 동의하며 동의서를 썼습니다.이에 빠른 동의율 달성과 함께 현재는 예정지구 및 본 지구 지정을 기다리고 있습니다. 특별법으로 보호되는 본 사업이혹여 정치적인 논리로 지체되는 일은 없었으면 합니다.새 정부는 2/3 넘는 소유주들의 열망을 무시하지 말고조속히 사업 추진을 해주시길 바랍니다. GTX-A 노선 개통과 함께 안락한 새 아파트에서편안한 삶을 영위하고 싶습니다.감사합니다.
15,선유도역 특별계획구역의 본 취지를 찾아주세요,2022-04-01,"주민 무시한, 대기업만 배부른 대규모 청년주택 건설 반대합니다.1. 선유도 지역 현황- 양평동 주민들은 준공업지역 특성상 공장, 정비소, 지식산업센터 등과 오피스텔, 빌라 등이 산재한 곳에서 기반시설 부족과 열악한 교통, 주거 및 교육환경을 감내하며 살아왔음.- 도로확충, 주차시설 마련 등 기반시설의 보완 없이 준공업지역이라는 이유로 기존 주거지역들과의 조망권, 일조권, 거리 등을 무시한 채 고층 오피스텔, 고층 지식산업센터 등이 난립함.2. 선유도 특별계획구역 지정 목적- 서울시는 2020년 선유도역 영등포구 양평동5가 일대에 특별계획구역을 신설하는 지구단위계획을 고시함. (선유도 특별계획구역 1, 2-1, 2-2)- 특별계획구역 결정사유에 따르면 한강변 대규모 저이용부지의 전략적 개발을 위해 한강변 주거문화여가 복합시설을 유도하기 위한 것이며, 이에 따른 계획지침으로 세부개발계획 수립시 현재 제2종일반주거지역을 제3종일반주거지역으로 변경검토하겠다는 사항도 밝힘.3. 문제점- 선유도 특별계획구역 지정에 따라 선유도역 역세권 기능을 활용하고 한강, 안양천, 선유도, 양화한강공원 등 수변공간 저이용부지의 계획적 개발을 통한 복합개발이 필요한 실정.- 하지만, 기존 주민 의견 수렴/청취/협의의 과정 없이 현재 선유도 특별계획구역 약 2만5천 평방미터 규모 부지에 초대규모 청년주택 100%를 추진하고 있음.- 기존 청년주택은 대부분 소규모로 준공되었고 계획 중이나, 유독 선유도 특별계획구역에만 대규모로 조성하는 이유가 특별계획구역 소유주(롯데)에 대한 특혜로 비춰짐- 청년주택 사업이라는 가면을 쓰고 청년을 대상으로 임대료 장사를 하는 대기업에 용도변경이라는 특혜를 주는 등 논란이 있음에도 특별계획구역 소유주(롯데)와 서울시의 밀실회의로 기존 주민을 무시한 채 조용히 사업을 진행하고 있음- 지역의 특성, 수변입지, 주민 정주환경 등을 종합적으로 고려한 개발이 추진되어야 함에도 불구하고, 특별계획구역 소유자가 민간기업이라는 이유로 서울시는 책임을 회피하고 있음4. 건의사항 - 청년을 위하지 않는 허울만 좋은 임대주택(청년주택), 임대료장사로 대기업만 배불릴 임대주택(청년주택)을 결사 반대합니다.- 기존 주민을 무시하고 추진된 사업으로 기존 지역주민과 청년들은 갈등과 고통에 시달릴 것 - 서울시는 더 이상 이러한 문제점에 대해서 무책임하게 방조하지 말고 대기업에 대한 특혜를 멈춰야 합니다.- 청년임대주택 계획의 즉각적인 백지화, 서울시-롯데 간의 밀실회의를 멈추고 당장 주민들을 참여시켜, 주민-사업자-지자체 협의체를 구성하여 사업계획을 수립하도록 요청드립니다."
16,2종 7층 규제 완화 언제까지  기다려야 하는가,2022-03-31,"서울 금천구 시흥동에서 LH참여형 가로주택 정비사업을 진행하고 있는 000가로주택 정비사업 조합입니다.저희는 2020년 금천구청 주택과의 권유로 LH참여형 가로주택정비사업 1차로 공모를 신청해 주민분들의 협조로 동의률 80%를 넘어 2021년 5월 조합설립 인가를 받았습니다.공모 당시 2종 7층 사업지는 조합에서 임대를 20%를 넣으면 용정률 200~250 상향과 7층~15층으로 가능하다 하여 진행을 하였지만 서울시에서는 2021년 1월 층수완화 부분을 임대를 넣어도 10층만 가능하게 발표를 하였습니다.조합원 모두가 허탈하고 배신감을 느낄 무렵 2021년 12월 대선이 다가오자 2종 7층 규제를 기부체납 없이 13층까지 가능하게 시조례로 통과가 되었지만 구체적인 기준도 없이 단서조항에 대부분 걸려 10층까지 밖에 되지 않아 결국 보여주기식 졸속 행정으로 밖에 느끼지 않습니다.기존에 먼저 시작하고 있는 가로주택정비사업,소규모재건축사업이 제대로된 기준이나 법령이 서지 않은 가운데 서울시는 작년 관리지역과 올해는 모아타운으로 주민들을 혼란을 가중 시키고 있습니다.주민들이 어렵게 마음을 모아 조합이 설립이 되도 허그에서는 자금이 없어 초기사업비 조차 올해 안에 지급이 안되는 상황이 예상되는데 준비되지 않은 관리지역과 모아타운의 홍보 보다는 먼저 진행하고 있는 사업들이 어떤 문제들을 안고 가는지 들여다 보고 관리해서 소규모 재건축을 활성화 한는게 맞다고 생각합니다.서울시 대부분이 2종 7층 입니다.하루빨리 이부분을 지혜를 모아 풀어 주시길 바라며 혹시나 기존에 진행하는 가로주택정비사업이나 소규모 재건축을 제외하고 서울시에서 밀고 있는 모아주택과 관리지역만 규제를 풀어 주는 일은 절대로 없어야 할것입니다."
17,키움과 지역아동센터에 대한 차이는 무얼까요?,2022-03-29,"안녕하세요?저는 강북구에 있는 000지역아동센터에 근무하는 종사자입니다.매번 들어 올때마다 키움센터는 버젓이 대문에 걸려있는데 왜 지역아동센터는 키움이라는 이름 아래 속해 있나요?다 같이 우리 아이들 돌보고 있는데 왜 키움보다 먼저 생긴 지역아동센터는 낙후된 시설로 진행되고 있고 키움은 멋진모습으로 소개 되어 있네요기득권이라고 생각하지 모르지만 지역아동센터는 말그대로 지역의 아동을 돌보는 지역의 가정입니다. 그런데 저소득 아동 우선이라는 낙인감에 아이들은 지역아동센터에 간다고 말도 못하고 벙어리 냉가슴으로 학원간다, 또는 공부방 간다라고 하는 말을 들어보신적 잇나요? 우리는 들을 때마다 속상합니다.죽어라 일하면 뭐합니까?보람이 없습니다.아이들과 코로나19시대에 최전선에서 우리는 매번 아이들 걸리면 안된다는 신념아래 우리 종사자는 걸리던 말던 신경도 안 써주시는 서울시의 처사가 화가납니다.제발 지역아동센터 종사자가 아이들과 행복한 나날을 보낼 수 있도록, 제발 좀 쳐다보고 관심 좀 가져주세요!!키움만 대문에 걸지말고요!!"
18,1종 일반주거 지역의 타당성 검토 문의,2022-03-29,"안녕하세요.광진구 어린이 대공원 근처에 거주 중인 시민입니다.어린이대공원에서 ""아차산""이 보여야된다는 이유로 묶여있던 고도제한이 최근에 폐지 된 것으로 알고 있습니다.그러나 서울에 몇 안되는 1종일반주거지역이기 때문에 실효성 있는 개발이 불가능합니다.고도제한 지구로 묶여있을 때는 4층까지 지을 수 있었으나 고도제한이 풀린 이후로는 5층까지 지을 수 있습니다. 1개층 증축하자고 기존 건물을 철거하고 다시 지을 사람은 없을 것으로 생각됩니다.또한 서울시 내에 존재하는 1종일반주거지역들을 보면 개발 제한으로 인해 대부분 이미 낙후되어있거나 낙후화가 진행 중에 있습니다.저희 지역 외에도 서울시 내에 있는 1종일반주거지역에 타당성에 대해서 전반적인 검토를 통해 실효성 있는 계획을 통해 시장님의 정책 방향 중 하나인 안정적인 주택 공급에 힘써주셨으면 합니다.감사합니다."
19,장애인의 이동권 예산 확보 해주세요,2022-03-25,"현재 장애인들은 출근길 지하철에서 ""장애인의 이동권을 보상하라"" 외치며 시위 중입니다. 이에 따라 비장애인 시민들은 출근길에 불편함을 겪고 있습니다. 이 혼란을 잠재울 방법은 단 하나뿐입니다. 행정과 국회가 직접 나서서 장애인의 교통시설 이용을 위한 예산을 확보하는 것 입니다.다른분들의 답변에서 예산을 확보하도록 노력하겠다고는 하셨지만지하철 시위를 불법시위라고 하면서 장애인분들이 욕먹게 놔두는 상황 잘 보고 있습니다.서울 시장이 시위하시는 장애인분들을 위해서, 출퇴근에 불편함을 겪고 있는 시민들을 위해서 확실한 답변 해주셨으면 합니다. 언제까지 이상황을 그냥 두고만 보실겁니까. 모두가 안전하게 이용할 수 있는 그런 대중교통을 원합니다. 장애인분들도 시민입니다. 서울 시민들이 서로 욕하고 욕먹는 상황을 이제 그만 보고 싶습니다. 2025년 되기 전에 또다른 누군가가 비장애인에서 장애인 될 수도 있지 않겠습니까? 그게 제자신이 아니라고 확답 못합니다.빠른 예산 확보 부탁드립니다. 서울시민이 이렇게 불편해 하는데 나서지 않는 서울시장은 원치않습니다.평화롭고 모두가 만족할수 있는 해결 답변 원합니다.(http://www.ablenews.co.kr/News/NewsContent.aspx?CategoryCode=0014&NewsCode=001420220321122715169390)"
20,위례과천선을 절실하게 필요로하는 주민들에게 돌려주세요,2022-03-24,"위례과천선을 절실하게 교통 개선이 필요한 거여마천 주민들에게 돌려주세요.위례과천선이 2008년에 처음 제안될때 초기안은 거여역이 종점 예정이었으나, 현재 유력한 노선은 송파구는 복정역이 종점으로 끊기게 됩니다.위례과천선이 당초 원안대로 거여 마천지역까지 연장될 수 있도록 해주십시오.현재 개발진행중인  거여마천뉴타운과 북위례신도시의 10만명 주민의 심각한 교통난을 겪고 있습니다. (북위례 지하철 없음,거여마천 5호선 반가닥 배차간격 14분)그러나 현재 가장 유력한 위례과천선 노선은 이미 역이 3개(8호선 장지역,문정역 과 위례신사선 예정)나 있는 문정동은 새로운 정차역이 신설되면서, 10만 인구가 0.5가닥 5호선에 의지하고 있는 거여마천동은 빼버릴 수가 있습니까?(또한 복정역도 주변에 인구도 별로 없고 이미 8호선,분당선,위례선이 있는데 새로 위과선까지 추가됩니다.)낙후된 거여/마천동 지역균형발전과 교통 지옥으로 고통받는 주민들을 위해 반드시 위례과천선은 거여마천으로 가야합니다.교통 지옥인 송파구 거여,마천동은 강남 접근성도 낮으며, 10만명의 주민들은 배차간격 14분인 반가닥 5호선에만 의지하고 있습니다.위치는 송파구에 위치해 있으면서도 여의도, 광화문, 강남 뿐 아니라 동일한 행정구역이 잠실까지도 접근이 어려운 교통 소외지역입니다.국토부 서울시 송파구가 유기적으로 협력하여 북위례, 거여마천뉴타운 지역의 심각한 교통난을 해소해 주시길 간곡히 소망합니다."
21,부동산 공급 확대에 따른 재건축 투기 과열 억제 방안,2022-03-23,"시장님 수고 많으십니다.부동산 정책 관련 아이디어가 있어 정부나 서울시의 부동산 정책에 반영하시면좋을 듯 하여 제안 드립니다.새로운 정부와 서울시가 부동산 공급 확대를 위하여 재건축 안전 진단 완화를 추진하고 있는 것으로 알고 있습니다.하지만 급격한 재건축 규제 완화는 오히려 재건축 아파트 투기 과열을 초래하여서울 전체 아파트 값의 상승으로 이어질 수 있는 위험이 있습니다. 과거에도 전국 아파트 상승의 발원지는 항상 재건축 단지였던 것으로 저는 기억하고 있습니다. 그러면 재건축 아파트 규제를 완화하면 투기가 왜 항상 일어 날까요?이는 재건축 단지 조합원들에게만 적용하는 분양 방식이 로또 방식이기 때문입니다.예를 들자면 오늘 사서 조합원이 되고 내일 추첨해도 재수만 좋으면 로얄 평수, 로얄 층에 당첨이 되고 단지 며칠 만에 수억원의 차익을 챙길 수 있는 구조 때문입니다.이걸 이렇게 안하고 보유 기간 및 거주 기간에 따라 차등하게 분양하면 투기가 사라지지 않을까요? 최소한 투기 억제 효과는 있다고 봅니다.즉 일반 주택 청약에서 청약자의 조건에 따른 청약 가점제가 있듯이, 주택 양도세도 보유 기간과 거주 기간에 따른 세액 공제 혜택을 주듯이재건축 조합에도 예를 들어 20년 보유한 사람은 50평, 10년 보유한 사람은 30평, 1년 보유한 사람은 단지 내의 최저 평수를 주고거기에다가 20년 보유한사람은 20층, 10년 보유한 사람은 10층, 1년 보유한 사람은 1층 주는 식으로 층 선택 프리미엄까지 주는 식으로현재처럼 무작위 추첨하는 방식이 아니라조합원의 보유 기간과 거주 기간에 따라 차등하여 점수를 환산하여점수가 높은 조합원 순으로 신축 아파트 동 호수를 선택할 수 있는 권리를 주게 되면 단지 내 최저 층 수 아파트를 분양받기 위해 몇십억 원씩 주고 사지는 않을 겁니다.이렇게 되면 당연히 구입할 사람 줄어 들게 되고, 구입할 사람 없으면 가격은 자연히 안정되지 않겠습니까?다시 말씀 드리지만 투기를 목적으로 재건축 단지 아파트를 구입하고자 하는 사람은거주 목적이 아니므로 당연히 보유 기간과 거주 기간이 단기일 것이고 이런 투기 세력에게 구입에 따른 기대 수익을 떨어뜨리는 효과로 인하여재건축 단지 신규 투기 수요의 진입을 어느 정도 차단함으로써충분히 투기 수요를 효과적으로 억제할 수 있는 수단이 되리라고 판단됩니다.문제는 기존 조합원의 재산권 보호를 위한 반발인데 이것을 해소하는 방안도 있습니다.조합 인가가 완료된 재건축 단지에 대해서 해당 정책 시행 전 기준으로자격을 취득한 조합원에 대해서는 기존 방식으로 추첨하고정책 시행 후 자격 취득 조합원에 대해서는 기존 조합원 추첨 후에남는 동 호수에 한하여 추첨하는 방식으로 불이익을 주게 되면 기존 조합원의 불만도 많이 줄어들 것입니다.또한 향후 조합 인가를 앞두고 있는 재건축 단지를 대상으로단계적으로 이 정책을 적용하는 식으로 유연하게 정책을 만들 수도 있습니다.개발 이익금 환수 방식도 재건축 투기 억제 정책으로 자주 거론됩니다만이익금을 뜯긴 만큼 이익 실현하려는 것이 시장 논리이므로이건 효과도 없이 오히려 아파트 가격을 상승하게 만드는 위험이 있습니다.따라서 재건축 아파트 규제 완화에 따른 투기 과열을 막을 수 있는가장 효과적인 방법은 현재의 일률적인 동 호수 추첨 방식이 아닌재건축 조합원의 보유 기간과 거주 기간에 따른 '조합원 가점제 또는 인센티브 적용' 동호수 지정 방식으로 변경하는방식의 정책이 최선이라고 생각됩니다.이는 장기적으로 재개발 단지에도 적용 가능하다고 생각됩니다.제가 16년 전에 재건축 아파트 조합원 입주자로서 직접 느끼고 경험했던 재건축 조합의 불합리한 점을 토대로 간단히 정리해 보았습니다.바쁘신 중에 시간 내어 긴 글 읽어 주셔서 감사합니다.좋은 아이디어라고 생각되시면 채택하여 주시기 바랍니다."
22,공익성을 상실한 교통방송에 시민혈세지원 중단요청,2022-03-21,"서울시민의 한사람으로서 요청드립니다.  교통방송국은 원래 설립취지인 교통정보제공에서 벗어나, 정치편향방송을 일삼고 있어, 공익성을 잃어버린지 오래되었습니다. 네비게이션 장치가 보편화된 지금은 과거에 비해 교통방송의 효용성이 거의 제로에 가깝습니다. 따라서, 교통방송국 지원에 서울시민의 혈세가 더이상 지원되는 것에 반대합니다. 공익성을 벗어난 정치방송에 서울시민의 세금을 계속 지원한다면 서울시장의 직무유기에 해당한다고 샤료됩니다. 서울시민의 공익에 부합하지 않는 교통방송재단에 더이상 서울시민의 혈세가 낭비되지않도록 조속한 조치 요청드립니다. 감사합니다."
23,서울로 7017 통행로 ,2022-03-16,서울로 7017을 자주 이용하게 되는 근교 거주민 입니다. 7017은 보행로로 개발되어 보행자만 통행 가능하게 되어있습니다.보행로 중 햇빛 가림막이나 쉼터가 설치된 곳이 몇 군데 있고 대부분 나무나 관엽 식물용 화분 구조물이 설치되어 있습니다. 이 화분 구조물이 보행에 지장을 줍니다. 보행로의 반 이상을 차지하고 있고 보행로 바닥이나 어느 곳에도 보행 방향을 지시해주는 안내 표지가 없어 교차하는 보행인끼리 알아서 피해가야 하는 상황입니다. 화분 구조물이 보행 뿐만 아니라 쉼터나 관망터의 신설을 제한하고 있습니다.지금 설치되어 있는 화분 구조물의 배치와 숫자를 조정하여 쾌적한 보행로를 확보해 주시고 쉼터와 관망터를 구성하여 관광명소로의 명성을 더욱 빛내주시길 바랍니다. 그외 설치된 시설물 중 활용도가 떨어지는 시설물도 개선을 검토하면 합니다. 감사합니다.
24,서울시에서 공동주택 사례집을 발간해 주십시요.,2022-03-14,"1.     입주자대표회의 배부 자료 작성 ㄱ. 커뮤니티 시설 활성화가 가져오는 아파트의 이익과 효과 설명ㄴ. 입주자 대표회의의 입주민의견 수렴과정과 절차에 대한 설명ㄷ. 아파트내 작은 도서관 활성화를 위한 구청의 도서관운영 팁 공유ㄹ. 신축아파트들 하자 적출과정과 가장 많은 큰  하자들 대처요령 및 시공사 상대 노하우, 하자관련 소송까지의 절차와 장단점   ㅁ. 경로당 시니어 세대들 위한 지속적 교육 강좌 (교육에도 트랜드가  있고 시니어 세대들의 성향도 바뀌어간다는 부분 그리고 교육퀄리티와 접근성이  담보되지못하면 그어떤 문화강좌도 성공할 수 없음)_접근성에 있어 아파트 복리시설은 거주 입주민들에게 최적의 장소임._시니어 세대들의 관심이 많은 1. 조경 부분 강좌(서울시에서 배출하는 조경과정 수료혹은 자격증 취득자들 활용)_숲 해설가과정 및 조경전반 영역 2. 화훼  강좌 (꽃꽂이 뿐 아니라 꽃과 난초 까지 시니어 세대들이 관심을 보이는 분야) 3. 역사 인문 탐구 강좌(예술의 전당에서 이루어지는 인문학강좌들 , 공자, 노자등 중국사상가들 관련 및 서양인문학 강좌들도 포함, 크로스오버 형태 대학에서 이루어지는 강좌들도 가능)4. 전통 공예문야 매듭짓기, 보자기 포장법 등  배우기 강좌5. 탁구 및 시니어들 관심체육분야2.    공동주택 우수 운영사례집 발간 ㄱ. 공동주택 운영의 각 분야별 우수 사례 모음_커뮤니티 복리시설별, 관리분야 에너지 절감분야, 조경분야, 청소 재활용 분야 등 아파트 전반적 영역별 우수사례 발굴공동주택의 우수사례 각 아파트별 공문을 보내 사례로 뽑힌 공동주택에 구에서 포상제 실시_각 공동주택 현판 제작 수여  * 강남 서초구청이 발간한 사례집의 관리비절감 책과 같이 서울시에서 좋은 사례를 발굴하여 자료로 나온다면 그것이 시와 더나아가 국가의  큰 자산이 될것으로 생각됨.공동주택이 지어진지 몇십년이 지났지만 공동주택 입대의 행정은 그십수년전과 다르지 않습니다.공동주택 입주자대표회의가 타아파트의 좋은사례를 참고할 수 있게 시차원에서 이제는 사례집발간을 만들어주세요.서울시 전역에서 좋은 사례를 모은다면 금방 만들 수 있을 것입니다.법적인 복리시설로 시설만 지어놓고 서울시내 많은 아파트들이 활용하지못하고 먼지만 쌓인채 그공간들을 죽이고 있습니다. 지어진 시설들을 제대로 활용하여 각종 문화강좌가 열리고 입주민들이 그 혜택을 누릴 수 있도록 우수사례 발굴에 힘써주세요.."
25,어르신들을 위한 기저귀 가는 방 좀 만들어 주세요.,2022-03-10,"안녕하세요? 거동이 많이 불편한 아버지를 모시고 사는 사람입니다.다름이 아니라 한국의 고령화 사회로 어르신들이 많이 증가하고 기저귀 사용량도 점차 증가하고 있습니다. 우리 아버지도 기저귀를 사용하고 있습니다.아버지를 모시면서 병원에 가거나 공공장소를 갈때 가장 불편한건 바로 기저귀를 갈 수 있는 곳이 없다는 것입니다. 수유방이나 아기 기저귀 가는 시설은 있지만 어르신 기저귀 갈 수 있는 방이 없다는 것입니다.장애인 화장실도 좁고 그곳에서 누워서 기저귀를 갈수가 없다보니, 기저귀를 갈 수가 없어요. 거동이 거의 되지 않아 아버지가 일어설수가 없다보니 누워서 기저귀를 갈아야 하는데 누워서 기저귀를 갈 수 있는 곳이 없습니다. 어쩔 수 없이 싼채로 집에 갈때까지 볼일을 빨리 보고 집에 가야하고, 옆에서 채촉하고 기저귀 갈아달라고 보채고 하는데 방법이 없습니다. 밖에서는 기저귀를 갈수가 없거든요.그러다보니 외출도 자유롭지 못하고, 늘 기저귀 가는 것에 신경을 써야 합니다. 소변보다 특히 대변의 경우는 빨리 갈지 않으면 피부병이 생기고 집까지 대소변을 눈 상태로 가야한다는 것입니다.  외출시 설사라도 하시면 정말 답이 없습니다. 어디서 기저귀를 갈아야 하는지요.....병원과 공공화장실에 어르신 기저귀 갈이 방이 있으면 좋겠습니다. 장애인 화장실에서도 기저귀 갈수가 없다보니 억지로 아버지를 일으켜 기저귀를 가려고 용쓰다가 거동이 안되는 아버지가 그만 넘어져 낙상하는 경우가 있습니다. 도저히 기저귀를 갈수가 없어요.병원 침대같은 침대가 놓여 있어서 어르신을 휠체어에서 부축해 일으킨 후 침상에 눕힌 후 기저귀를 갈 수 있는 그런 어르신 기저귀 갈이 방이 있으면 좋겠습니다.앞으로 한국에서 꼭 필요한 것이 될 거라 생각합니다. 해외에도 있는지 모르겠지만 한국에 이런게 있다면 타국에도 좋은 본보기가 되지 않을까 생각합니다."
26, 일원1동 기피시설 현대화 및 시설폐쇄 요청,2022-03-10,"강남구에 버림받은 땅이 있습니다. 바로 일원1동입니다.일원1동 수서1단지 옆 자원회수시설에는 쓰레기처리장, 하수종말처리장, 열병합발전소 등 3대 기피시설이 집중되어 있습니다. 특히 쓰레기처리장은 서울시 8개구로 부터 수집된 쓰레기를 처리 중인데, 일원1동 주민들은 90년대 중반 이후 기피시설 수용에 따른 혜택도 전혀 체감하지 못하고 있습니다. 동일한 시설을 운영 중인 마포구 당인리 발전소나 하남 유니온시티 한번 가보시기 바랍니다. 두 곳은 테마공원으로 지역 명소화가 된 반면, 강남자원회수시설은 그에 비하면 낡은 90년대 공장 이미지입니다. 똑같은 세금내는 강남구민입니다. 왜 일원1동만 피해를 입어야하는지 모르겠습니다.당인리 발전소, 유니온시티 지하화 및 상부 공원화한 것과 똑같이 강남자원회수시설 현대화를 조속히 추진해주시기 바랍니다.시설 현대화가 어렵다면 즉각적인 시설 폐쇄 요청드립니다."
27,강남구에 버림받은 땅 ?? 일원 1동 현대화 시설 요청,2022-03-10,"수고하십니다.강남구에 버림받은 땅이 있습니다. 바로 일원1동입니다.일원1동 수서1단지 옆 자원회수시설에는 쓰레기처리장, 하수종말처리장, 열병합발전소 등 3대 기피시설이 집중되어 있습니다. 특히 쓰레기처리장은 서울시 8개구로 부터 수집된 쓰레기를 처리 중인데, 일원1동 주민들은 90년대 중반 이후 기피시설 수용에 따른 혜택도 전혀 체감하지 못하고 있습니다. 동일한 시설을 운영 중인 마포구 당인리 발전소나 하남 유니온시티 한번 가보시기 바랍니다. 두 곳은 테마공원으로 지역 명소화가 된 반면, 강남자원회수시설은 그에 비하면 낡은 90년대 공장 이미지입니다. 똑같은 세금내는 강남구민입니다. 왜 일원1동만 피해를 입어야하는지 모르겠습니다.당인리 발전소, 유니온시티 지하화 및 상부 공원화한 것과 똑같이 강남자원회수시설 현대화를 조속히 추진해주시기 바랍니다.시설 현대화가 어렵다면 즉각적인 시설 폐쇄 요청드립니다."
28,중구난방 청소년(어린이) 방역 체계 수정 요청,2022-03-07,"현재 어린이집에 아이를 보내고 있는 부모입니다.어린이집에 등원하는 원아가 확진시 해당 원아의 '반'은 이용제한이 되어 48시간 동안이용을 못하는게 현행 지침이라고 하는데요, 왜 48시간 동안 이용을 못하나요? 48:00:00까지 바이러스가 살아 있다가 48시간 1초면 우한 폐렴 바이러스가 죽나요? 확진된 원아는 충분한 휴식과 치료가 필요한 것은 알겠지만, 단순히 같은반이고, 검사 시이상이 없는 원아까지 이용 못하는 것은 말이 안된다고 생각합니다.심지어 이것도 반쪽짜리 방역인게, 해당 '반'만 이용하지 못하고 같은 건물 다른 '반'은그냥 운영하는건 옳은 방역인가요? 방역패스도 폐지된 마당에 이게 무슨 일이죠?유치원도 폐쇄하고, 학교도 확진자 1명 나오면 그 '반'만 등교를 안하고 있나요??맞벌이 부부나 한부모가족 등 보육이 필요한 사람들이 많은데 아이를 어디에 맡기나요?이게 무슨 법령도 아니고 얼마든지 변경 가능한 지침으로 시행되고 있는건데일선 구청에 물어봐도 시청에 문의해야 한다 그러고, 현장에선 학부모들이 제대로 된지침 하나 알기 힘든 실정입니다. 지금 이런 방식이 옳다면 일일 확진자 세계1위 타이틀을 얻진 않았을 것 같은데요어린이집, 유치원, 학교 등 현실성 없는 현재 지침에 대한 전면 개정을 요구합니다.해당 청소년(어린이)확진 시, 자택치료 같은반 아이의 경우 음성이면 등원, 등교 가능이렇게 바꿔 주세요"
29,[전기차] 미성년 장애인 가구 추가 보조금 적용 件,2022-03-04,"시장님 안녕하세요.미성년 장애아동의 부모로서 이번 서울시 대기환경과의 '전기차 추가 보조금' 정책에 대한 아쉬움을 전해드립니다.전기차 보조금의 경우 취약계층을 대상으로 100만원의 추가 보조금이 지급되나, 미성년 장애인 가구에 대한 지원은 '우선순위' 부여 외에는 없습니다.미성년 장애인은 성인 장애인보다 부모의 도움을 받아 자차로의 이동이 더욱 필요한 약자로서 성인 장애인보다 이동권에 대한 환경이 더욱 열악합니다.하반기 보조금 정책 발표시에는 부디 이러한 사정을 고려하여 추가 보조금 지급을 검토해주시기를 부탁드립니다.감사합니다."
30,영업용 택시 전기차 구매 보조금 신청관련,2022-03-04,"오세훈시장님, 시정 돌보시느라 노고가 많으십니다.최근 국내외 할것없이 전기차 시대가 활짝 열렸습니다.충전문제로 구매를 꺼리던 택시 사업자들도 작년부터는본격적으로 전기택시를 구매하고자 하는데 문제는 택시사업자의 경우보조금 지급 가능대수가 턱없이 부족하여 작년에 신청했다가 누락되었고금년 상반기에 또 신청하였지만 이번에는 추첨제로 변경한다고 하고보조금 지급대수도 영업용 1,500대에 불과해 신청 하루만에 3천대가 넘게신청하였다고 합니다. 이러면 또 추첨결과에 따라서 보조금 지급을 못받을가능성이 매우 높은 상태인데 영업용 택시의 경우 운행거리가 많아 전기택시로바꾸면 정부의 정책 취지에 걸맞게 친환경 등 훨씬더 공공의 이익에 부합한다고봅니다. 바라건대 영업용 택시의 경우 보조금 지급 예산을 대폭 증액하여신청하는 사업자 100% 보조금 지급받을 수 있도록 해주시기 바랍니다.읽어주셔서 감사합니다."
31,서울시내 가로변정류장 일제 안전진단 및 조치 제안,2022-03-01,"서울 시내버스 가로변 정류장 안전진단 및 조치○ 건의 배경 : ""안전한 서울 살기 좋은 서울""의 대중 교통 분야의 일환     가로변 정류장의 이용객은 대부분 서울의 서민이고 운전자도  서민임.      현재 우리 노선운행시 가로변 정류장의 약 20%정도가 승하차 안전에 구조적 문제가 있다고 생각되어 의견을 내게 되엇음△ 문제점    - 정류장 정보화 등은 좋아 졌으나, 가장 기본적인 승객    승·하차 안전진단과 그에 따른 개선 없이 정류장운영.     - 급속한 고령화로 버스 승·하차 시 승객 안전사고 증가와 승·하차 시간의 증가로 운행지체에 따른 운행 중 사고 위험  증가    - 가로변 정류소의  경우 비스듬한 가로수 등 지장물과 정류 장에 있는 상점의 잦은 불법 주·정차나 배달 오토바이 때문에 인도 연석에 가능한 (20~30센티미터이내) 가깝게 정차 시키기 어려움.       따라서, 교통약자들이 이용 시 편리한 저상버스의 이점이 줄고 고상버스의 경우는 고령승객의 승·하차시 안전사고 위험이 증가함.      (50센티미터 이내면 괜찮다고 하나, 고령자나 어린아이 등  교통약자의 경우 20센티미터 공간도 때로는 넓음)- 가로변 정류장이 설치된 곳의 구조적 사고유발 요인이 있다면 교통 종사자나 이용객의 법적지식증대로 국가배상법 제5조  공공영조물설치·관리상의 하자 책임주장 등으로 행정기관의 배상청구 증가나 소송 제기 등 행정비용 낭비 예상△ 가로변정류장 일제 안전진단 및 조치 효과 ○ 안전진단 절차    - 버스회사와 노조를 통한 문제 정류장 개수 및 유형 파악     예) 가로수등 지장물, 상시적 정류장 불법 주·정차, 정류장 확대, 교통장애유발 등 위치 이전    - 관할 구청 현장조사 및 조치     - 서울시는 조치현황 파악 및 행정적 도움 ○ 조치 효과    - 승·하차 안전사고 감소 및 승객의 편리한 승·하차      - 승·하차시간의 감소로 운행 중 사고도 감소   - 불필요한  행정비용 감소====> “안전하고 살기 좋은 서울시 행정에 시민들은 만족”2022. 03. 01. 건의자 : 000 (저는 현재 9년째 지선버스 운전사로 일하고 있습니다.)"
32,고령장애인을 위한 활동지원급여가 시급히 필요합니다,2022-02-28,"코로나 19대응 등 어려운 여건에서도 불구하고 지방자치 행정의 새로운 기준을 제시해 나가시는 시장님과 장애인복지 담당부서 소속직원 모든 분들께 감사의 말씀을 드립니다.저는 현재 은평구 진관동에 거주하는 독거 중증 와상(희귀난치성질환 등록자) 장애인입니다. 금년 65세이며 전동휠체어를 사용중이고 24시간 타인의 도움(활동지원서비스)이 필요한 중증장애인입니다. 2011년 제정된 ""장애인 활동지원에 관한 법률""에 따라 현재까지 월820시간(복지부:월431시간, 서울시:월200시간, 은평구:189시간) 의 활동지원급여를 받고 독거로 사회생활을 하고 있습니다.그런데 금년 만65세가 되었다는 이유로 3월 20일부터 노인장기요양급여로 전환되어 하루 4시간만의 서비스와 줄어들게 될 국가지원의 보전급여 방식의 활동보조서비스를 받게 되었습니다. 저는 식사보조는 물론 신변처리, 전화응대조차 불가능하며 취침을 위해서 매시간 시간마다 체위를 변경해 줘야 할 상태이기에 24시간 활동지원사의 도움이 필요합니다. 그럼에도 집에서 무위도식을 하고 있는 게 아니라 사회의 일원으로서 누가 되기 싫어서 현재 직장생활을 하고 있습니다.이렇듯 저와 같은 중증장애인이 직장생활은 물론, 생명을 유지할 수 있는 가장 큰 요인은 첫째로 활동보조서비스가 지원되기 때문입니다.2002년 세상 밖으로 나와서 처음으로 장애인 자립생활을 배웠고 활동보조서비스 제도화를 위해 투쟁했던 그때를 돌이켜보면 당시에는 제가 65세까지 살 수 있을 거라고는 상상도 하지 못했었습니다. 활동보조서비스가 없었다면 지금까지 살아 있지 못했다는 반증이기도 합니다. 그만큼 활동보조서비스가 중증장애인의 삶에 지대한 영향을 주고 있습니다. 아울러 활동지원사들의 양질의 일자리가 새롭게 생겼습니다. 올해도 지속 가능한 양질의 일자리를 창출하는 것이 서울시정의 목표임을 천명하셨습니다. 저처럼 복지 사각지대가 발생하지 않도록 서울시비 지원 활동지원급여를 현행처럼 유지 시켜 주십시오. 서울시가 지원해야 할 법률적인 근거는 차고 넘칩니다. 장애인복지법 제6조(중증장애인의 보호) 조항만으로도 충분하다고 생각합니다. 지금 경향 각지에서는 ”장애인복지법 제6조“에 대한 진정입법 부작위 헌법소원. ”장애인 활동지원에 관한 법률“ 상 65세 도래 장애인의 서비스 제한에 따른 기본권침해에 대한 헌법소원, 국가와 지방자치단체의 공권력 행사로 평등권, 행복추구권 침해에 대한 위헌 법률심판 제정신청 등이 이어지고 있습니다.또한 국가인권위원회 2022년 2월 17일 보도자료(https://www.humanrights.go.kr/site/program/board/basicboard/view?boardtypeid=24&boardid=7607674&menuid=001004002001)를 살펴보면 월 837시간 장애인활동지원서비스를 제공받던 중증의 지체장애인이 만 65세가 되자 노인장기요양서비스 대상자로 바뀌면서 서비스 제공 시간이 240시간으로 크게 줄어 생명권 침해가 우려된다는 긴급진정을 접수하고 인권위가 조사하는 과정에서 보건복지부와 지자체가 추가지원사업을 시행하여 피해자는 2022년 1월 3일부터 월 825시간 장기요양보험급여 월 78시간, 장애인활동지원급여(국비 보전급여) 월 240시간, 경기도 추가 467시간, 의정부시 추가 40시간의 활동 지원을 받을 수 있게 되었다. 라고 보도한 바 있습니다.부디 시장님의 현명하신 방침으로 서울에서도 보전급여 형식으로 만 65세 이상의 중증장애인도 요건(최중증, 독거, 와상)에 따라 종전 수준의 활동 지원을 계속 받을 수 있도록 해 주시기를 간절히 바랍니다. 서울시가 지원대책을 세워 주셔야 은평구에서도 후속조치를 수립하겠다고 합니다.감사합니다."
33,강서구에도 반려견 운동장을 조성해주세요,2022-02-24,"안녕하십니까?강서구 마곡동에 반려견과 거주 중인 시민입니다.같은 지역에 3년 넘게 거주하며 구내 유동인구 증가, 상권 발달과 더불어 반려동물 가구, 특히 반려견을 키우는 가정이 급증하고 있음을 체감합니다. 반면 이러한 추세와 달리 강서구의 반려견 인프라와 정책은 타 구 대비 매우 열악하다고 느낍니다.일례로 서울식물원은 강서구에서 가장 많은 견공들이 산책을 즐기는 장소입니다. 하지만 반려견/견주를 위한 시설이 미비해 반려견/견주는 물론, 비반려인까지 불편을 겪는 상황이 발생하고 있습니다.주중 주말을 가리지 않고 매일 많은 수의 반려견이 호수원 녹지에 모입니다. 헌데 반려견/견주와 일반 시민이 즐길 수 있는 구역이 구분되어있지 않아 자칫 위험한 사고가 발생할 수 있습니다.목줄을 맨 상태에서도 우연한 사고로 반려견이 다른 반려견 또는 사람을 공격할 수 있고, 반대로 반려견을 싫어하는 사람이 반려견/견주에게 위협을 가할 수도 있습니다. 또한 다수의 견공이 모이다 보니 산책줄이 꼬여서 다치거나 미처 배변 수거를 하지 못하고 지나치는 일도 다반사입니다.종종 공원 관리자가 순찰을 도는 형국이지만 일시적인 미봉책이라는 느낌을 지울 수 없습니다. 근본적인 해결을 위해서는 애견 운동장 조성이 가장 빠르고 경제적일 것입니다.서울식물원 또는 강서구 모처에도 상암 월드컵경기장과 고양시 덕수공원에 조성된 반려견 놀이터와 같이 목줄 없이 반려견이 뛰어놀 수 있는 장소가 마련되었으면 합니다.개 물림 사고 증가 등으로 인한 여론 악화로 진행이 어려움을 인지합니다. 하지만 반려견/견주가 일반 시민과의 접촉을 최대한 피할 수 있는 독립적인 공간 마련은 오히려 유관 사고를 예방할 수 있는 최선의 방책입니다.강서구청의 2022년 주요업무계획 중 반려견 관련 안건은 두 가지로 다음과 같습니다. 반려동물 행동교정 교육과 근린공원 4개소에 배변봉투함 설치입니다.전자는 연간 20가구, 가구당 180분에 한정된 혜택으로, 전체 구민의 만족도와 안전 증진에 크게 도움이 되지 않을 것으로 보입니다. 후자 역시 도시 미관에 도움이 되겠지만, 그보다는 반려견이 편하게 용변을 볼 수 있는 공간과 휴지통 등이 먼저 설치되어야 한다고 생각합니다.반려견 운동장 설치는 위 두 가지 안건에 비해 근본적이고 비용효율적인 방안입니다. 성숙한 반려동물 문화가 정착되고, 반려동물의 행복권에 대한 인식 개선을 위해 적극 검토를 요청드립니다.감사합니다."
34,서계동 구)주거환경개선지구를 재개발에 포함시켜주십시요,2022-02-17,안녕하세요저는 서계동 구)주거환경개선지구에 살고있습니다.공공재개발 & 신속통합개발에 우리 서계동 구)주거환경개선지구를 포함하여 재개발을 해주십시오구)주거환경개선지구는 작년신속통합개발때 1개월도 안되어 56프로의 높은 동의율과노후도 또한 법적요건인 3분의2를 훨씬 넘는 72프로입니다.비정형적인 경사지에 벽과 벽이 붙어있고 골목을 사이로 경계를 만들고 소방도로도 없이 허가를 내주어 빌라건축업자들이 이익을 보고 피해는 현 거주하는 주민들만 보고있습니다.실 주거환경도 골목이 너무 좁아서 소방차도 들어올수 없고 경사도 심하고언덕도 많고 집들도 노후화 되어 어르신들은 힘겹게 생활하고 계시고언덕 밑에는 하수도가 새어나오고 있습니다.이러한 열악한 상황에서 구)주거환경개선지구를 제외하고 구역을 그리는 행위는 주민들의 주거환경을 해치는 행위이자 권리를 약탈하는 행위입니다.구)주거환경개선지구 주민들은 절실하게 재개발을 원하고 있습니다.통합개발에 구)주거환경개선지구도 포함하여 진행해주시길 간곡히 부탁드립니다.고맙습니다.
35,차별없는 교육이 되어야하지 않겠습니까?,2022-02-17,3월부터 외국인자녀 유치원 지원이라는 걸 듣고 당연히 어린이집도 지원되는줄 알고 있다가 지원계획이 없다는 말에 화가 나서 민원신청 문을 두드립니다.시장님. 우리 나라는 원래부터 이렇게 유치원과 어린이집을 차별해 왔습니다. 공정한 교육으로서의 경쟁이 아닌 지원으로 차별을 두시는 정책들에 화가 나네요.어떤 지원이든 유치원이 먼저 시작하고 나중에 어린이집은 우리도 똑같이 지원해 달라고 얘기하고 얘기해야 겨우 통과되고.....어린이집 운영하면서 이렇게 어려웠던 적이 없었는데 힘이 빠집니다. 정책적으로 당연히 우리나라 아이들에게 보육료를 지원한다고 써놨겠죠. 하지만 유치원은 예외고 어린이집은 외국인자녀 지원 안해준다는 내용이 말이 되나요? 똑같이 원에 다니는 아동들은 지원을 해 주시던지 아니면 똑같이 안해주는게 맞다고 생각됩니다. 외국인 부모의 경우 유치원만 지원이 된다면 그리로 가겠죠? 현재 외국인 자녀가 어린이집에 다니고 있다면 당연히 옮기지 않겠습니까?어떤 지원을 할 때는 공공의 이익과 지원의 타당성을 보고 예산이 편성되고 지원해 줘야 하는거 아닙니까? 어린이집도 유치원처럼 똑같은 누리과정 하라고 하고 교육까지 하는 이유가 뭔지. 유보통합을 누가 방해하고 있는건지 정책을 결정하시는 분들도 평등하게 누려야 할 아이들의 권리를 뺏지 말아 주시기 바랍니다.너무 속상한 마음에 주저리주저리 적습니다.
36,장애인의 이동권 예산을 의무적으로 보장해주세요,2022-02-17,"현재 장애인들은 출근길 지하철에서 ""장애인의 이동권을 보상하라"" 외치며 시위 중입니다. 이에 따라 비장애인 시민들은 출근길에 불편함을 겪고 있습니다. 이 혼란을 잠재울 방법은 단 하나뿐입니다. 행정과 국회가 직접 나서서 장애인의 교통시설 이용을 위한 예산을 확보하는 것 입니다.서울시는 2015년에 ‘장애인 이동권 선언’을 발표하면서 2025년까지 시내버스를 모두 저상버스로 운영하겠다고 약속했습니다. 계획대로라면 지난해 75%를 달성해야 했으나, 66%에 그쳤습니다. 이는 예산 삭감이 반복돼온 탓입니다. 지하철 엘리베이터 설치 등 장애인 관련 사업 대부분이 비슷한 처지입니다.(출처 https://m.hani.co.kr/arti/opinion/editorial/1030329.html#cb)장애인들이 불편함 없이 대중교통을 이용할 수 있도록 서울시는 당장 이를 위한 예산을 마련해주십시오."
37,장애인에게 알뜰광역교통카드 마일리지 추가 확대지급,2022-02-15,"요새 뉴스를 보면 장애인분들의 이동권과 관련한 시위나 이런부분을 볼때 많이 마음이 좋지 않습니다.그간 저희가 외면해왔던 문제이기도 하지요.장애인은 아시다시피 지하철에 대하여 무임승차가 가능합니다.저상버스가 많이 도입되긴 하였지만 그렇지 않은 버스를 타고 돌고돌아서 이동하는 경우도 있으며,위와같은 경우 버스가 올때까지 기다려야하여 우리와 같이 환승시간 30분으로 동일한 기준을 적용하는것도 무리라 생각됩니다.이들에게 적어도 현재 저소득층과 동일하게 알뜰광역카드가 마일리지 상향지급을 통해서라도 무임승차는 어렵더라도 추가 지급이 가능할 수 있도록 논의하여 주셨으면 좋겠습니다."
38,보육 발전을 위해 애써 주심에 감사합니다.,2022-02-11,서울시 보육 발전을 위해 늘 애써 주심에 감사를 드립니다.어제 서울시 보육 포털 서비스 공지 사항을 통해 서울형 전담 보조교사 신설 내용을 알게 되어 관계 부처로 문의 전화를 하며 얼마나 설레였는지 모릅니다.현장에는 아이들을 위한 많은 손이 필요합니다.더욱이 예전에 비해 발달 지연 아동의 수도 늘어가고 저희 어린이집 처럼 외국인 아동의 수가 많은 경우는 더더욱 그렇습니다.그러던 중 서울형 전담 보조교사의 소식은 단비와 같았습니다. 감사합니다.저는 서울형 어린이집을 운영하고 있지만 많은 어린이집이 정부의 지원을 받지 못하고 있는 곳들이 많아 운영의 어려움을 많이 호소하고 있습니다. 그러던 중 보육료의 인상과(아직도 표준 보육비용에는 어려움이 있다고 생각합니다- 인건비 .물가 상승을 비교하면)  반 운영비등 어린이집을 위해 서울시에서 애써 주시고 관심 가져 주신 것을 느낄 수 있어 감사한 마음 이 자리를 빌어 감사를 드립니다.앞으로도 보육에 더 큰 관심을 가져 주시고 현장의 소리를 들어 주시면 감사하겠습니다.한 가지 큰 바람이 있다면 외국인 아동 수가 많은 어린이집으로서 유치원에서 주는 교육비 지원으로 인해 아이들이 이동하여 어린이집 운영이 더 힘들어지지 않기를 간절히 또 간절히 바라는 마음입니다.늘 대한민국 보육의 선두주자인 서울시를 응원합니다.
39,장애인 지하철 엘리베이터 설치,2022-02-09,모든 정차역에 장애인 엘리베이터 설치해주세요일반인이 편하게 걸어 다닐수 있는 거처럼 장애인분들도 눈치 안보고 더이상 사고 나지 않고 다닐 수 있는 장애인 엘리베이터 꼭 설치 해 주세요코로나라고 모든 자영업자 엄청 퍼주는 거의 반의 반만이라도 장애인에 관심 가져 주세요 내 가족중 한명 이라고 생각해보고 아니라면 본인이 나중에 장애인이 안된다는 보장이 없는거 아닌가요....?얼마나 안들어주면 이렇게까지 욕먹으면서까지 지하철 시위를 하고 계실까요?답변 주세요
40,보육특별시-차액보육료 현실화/ 외국인 자녀 보육료 지원,2022-01-25,"보육특별시를 위한 제안 - 차액보육료 현실화* 외국인 자녀 보육료 지원해 주세요.시장님~대한민국 영유아는 동등한 지원을 받을 권리가 있습니다. 보육특별시라는 슬로건 아래 아이 키우기 좋은 서울시를 만들기 위해 애쓰심에 감사드립니다. 영유아 보육은 복지의 범주를 벗어나 국가의 미래가 달린 교육으로 관점을 달리해 주십시오. 민간어린이집 만3세~5세의 유아들은 서울시 복지예산 안에 차액보육료가 포함되어 있어해마다 차액보육료가 얼마로 책정되느냐에 따라서 민간어린이집 운영이 좌우되므로서울시 민간어린이집의 보육의 질은 차액보육료로 결정됩니다. 유아교육은 공립유치원, 사립유치원, 국공립어린이집, 민간어린이집에서 이루어지고 있습니다.  기관의 유형에 따라 지원이 다르고, 교직원의 처우가 다른 것은 대한민국 영유아에 대한 차별입니다. 사립유치원은 사립학교법에 따라 운영의 자율성이 있고 학부모들이 사립유치원을 선택 했을 때는 본인 부담금에 대한 선택입니다. 공립유치원은 모든 운영을 국가에서 지원하고, 국공립어린이집은 건물, 운영비, 기자재비, 보수비, 교직원 인건비 지원을 받으나, 민간어린이집은 차액보육료로 모든 것을 해결해야합니다. 상대적으로 민간어린이집은 인건비, 물가, 공공요금 상승에 취약하며 모자라는 만큼 민간어린이집 아이들이 차별을 받습니다.   교직원(교사, 조리사)들이 실력이 쌓이면 급여 때문에 국공립으로 이동하고 있어 민간어린이집은 교직원이 항상 불안정하고 민간어린이집의 훌륭한 교직원들이 자존감이 떨어집니다. 출생률 저조와 서울시 집값 상승으로 영유아 학부모들이 경기도로 이사해서,  반정원 충족률 50%로  연령별 혼합반 늘어나고 있습니다. 나이가 어릴수록 월령별 발달차이가 커 혼합반을 할  경우 아이와 교사의 수업의 질을 떨어질 수밖에 없습니다. 유치원의 외국인 아동 교육비 지원도 차별입니다. 대다수의 외국인 자녀들이 0세부터 어린이집에 등록하여 다니다가 만3세가 되면 유치원으로 이동하게 되어 어린이집은 운영이 어렵습니다. 유치원과 어린이집은 누리과정으로 교육과정을 통합하였기 때문에 어린이집도 당연하게 외국인 자녀 교육비를 받아야 합니다.민간어린이집은 국가비영리기관(고유번호증)으로 사업자가 아닙니다. 그럼에도 모든 정책에서는 혜택을 받지 못합니다. 지원할 때는 민간이고, 규제할 때는 국가비영리기관입니다. 정책은 정치인들이 만들고, 집행은 공무원이 하고 있어 현장의 어려움이 반영되기는 참으로 어렵습니다. 이상밖에 모르는 정치인과 정해진 틀을 벗어나지 못하는 공무원들이 이 나라의 출생률을 줄이고 있다고 저는 생각합니다. 태어난 아이들을 차별하는 어른들이 출생률을 걱정하는 아이러니를 시장님은 되풀이 하지 않기를 바랍니다. 근래 5년여 동안 국공립어린이집 확충되는 숫자만큼 민간어린이집이 문을 닫았습니다. 지금 많은 어린이집이 인건비를 감당하지 못해 폐원 있으며, 앞으로도 계속 폐원하게 될 것이고, 학부모들은 출근시간에 30분 이상 걸어가서 어린이집에 아이를 맡겨야 하는 고단한 양육의 산이 또 하나 기다리고 있습니다. 시장님~민간어린이집의 차액 보육료를 예산에 맞추는 것이 아니라 아이들을 키우기에 적정한 보육료를 책정하여 아이들이 더 이상 차별받지 않도록 하여 주시기 바랍니다."
41,시장님 외국인아동 보육료 지원은 공평해야 합니다,2022-01-24,안녕하십니까.저는 민간어린이집을 30년 동안 운영하고 있는 원장입니다30여 년 동안 우리나라의 보육발전을 위해 그리고 영유아들의 보다 안전한 보육환경을 만들기 위해 최선을 다해 헌신하며 봉사하는 마음으로 운영을 했습니다저희원은 다문화 및 외국인 아동이(취약보육아동) 60%가 넘은 상태에서 지난 코로나19가 발생 된 이후 휴원과 긴급 보육을 반복하는 사이 2020년도 1년 동안 외국인 아동 보육료를 받지 못하여 월세를 내지 못할 뿐 아니라 본인의 급여도 지급 할 수 없는 상황에 이르렀습니다.그럼에도 불구하고 나에게 밭겨진 아이들을 생각하며  평생 해온 일인 아이들을 보지 못하면 더 힘들고 죽을 것 같은 마음으로 견디고 또 견디면서 지금까지 왔습니다.그런데 22년은 좀 나아지겠지 하는 기대가 1월 새해 첫 달부터 무너졌습니다.입학시즌에 맞추어 서울시 교육청에서 외국인 아동 교육료 100% 지원을 전격 발표하면서 어린이집에 다니는 학부모들이 술렁거리고 유치원으로 몰려가고 있는 현실에 이르게 되었습니다.외국인 아동이 많은 어린이집을 운영하고 있는 원장님들은 더욱 어려워진 상황에 더 초죽음이 되어 가고 있습니다.서울시 교육청은 입학시즌을 맞추어 출산율 저하로 그 나마 아동이 준 상황에서 유치원에만 지원을 하는 결정을 하여 아이들을 유치원으로 모아주고 있습니다.그럼 과연 우리 어린이집은 누구에게 이런 현실을 알리고 최소한 같은 혜택을 달라고 해야 할까요?먼저 도와주려고 하지 않는 현실은 정말 참담할 뿐입니다 우리가 내는 세금을 대한민국에 사는 외국인 아이들을 유치원에 다니든 어린이집에 다니든 모든 외국인 아동에게 적용 되어야 하며  학부모들의 선택기준이  더이상 돈이 아니라 교육의 질과 내용으로 선택하고 결정하도록  만들어져야 합니다 시장님 도와 주십시오.서울형을 만드셨던 오세훈 시장님이 오셔서 너무 반갑고 좋았습니다 출산율 저하와 코로나 때문에 아이들이 50% 나 감소했지만 시장님의 정책을 따라가기 위해 서울형 1기에 인증 받고 지금까지 투명하게 안심보육에 헌신한 저희는 어떻게 해야 할까요?시장님을 현명하고 단호한 결단을 기다리겠습니다 감사합니다
42,서서울공원 활용 방안에 대한 건의 사항,2022-01-21,안녕하세요.저는 양천구 신월동에 위치한 서서울호수공원을 자주 이용하는 시민입니다.공원을 이용하다보면 애완견을 데리고 나와 산책을 시키는 사람이 꽤 많은 것을 볼 수 있는데 이 큰 면적의 공원에 애완견을 위한 공간을 없다는 것을   알고 애완견을 위한 장소를 마련해 주셨으면해서 제안을 합니다.전에 보라매공원을 갔을 때 ‘반려견 놀이터’ 라는 푯말이 있어 가보니 큰 개와 작은 개가 뛰어노는 모습을 보았습니다. 꽤 많은 사람들이 개와 함께 그 곳을 이용하고 있었고 이용안내도 자세히 적혀 있어 이용하기에도 편리해 보였습니다. 또 얼마전에는 안양천을 가니 안양천변에 애완견이 운동할 수  있는 기구를 몇 개 설치해놓고 관리인도 있는 공간을 보았습니다. 작은 공간이지만 요즘 기사를 보면 개와 고양이를 키우는 가구가 많이 늘고 있다고 하는데 참 작은 것에 신경썼구나 하는 인상을 받았고 거기서 뛰노는 강아지가 행복해 보이기까지 했습니다.하지만 신월동에는 서서울호수공원이라는 큰 공원이 있음에도 공원을 잘 활용하지 못하는 거 같아 아쉬울 때가 있습니다. 애완견을 키우면서 서서울호수  공원을 자주 이용하는 시민들이 마음 편히 강아지를 풀어놓고 함께 산책하고 뛰어놀수 있는 별도 공간을 만들어 주시기를 간절히 바랍니다. 감사합니다.
43,사설 캠핑장 모닥불 행위로 인한 대기오염 신고,2022-01-21,"안녕하세요.본인은 은평구 진관동 거주 시민입니다. 은평구 진관동 소재 민간 영리 캠핑장에서 매일밤 수십개의 모닥불을 지피는 행위를 하고 있어 그 냄새와 연기가 인근 수km 근방 진관동 아파트 주거단지로 유입되고 있습니다. 매일밤 계속되는 모닥불 냄새와 연기로 주민들은 호흡기 질환에 시달리고 있습니다. 은평구청에 수차례 민원제기 하였으나 해결할 수 없다는 답변만 받아서 답답한 심정입니다. 서울시에 거주하면서 모닥불 냄새와 연기로 고통받아야 한다는 사실이 믿어지지 않고 참담할 따름입니다. 대기환경보전법 42조와 동법 시행령에서는 서울특별시장은 대기오염 방지를 위하여 사업자의 땔나무와 숯의 사용을 제한할 수 있다고 되어 있으며 땔나무와 숯 연료의 사용은 그 사용을 특히 금지할 필요가 있는 경우에만 제한할 수 있다고 되어 있습니다. 사설 영리업자가가 그 영리행위로 인하여 인근 서울시민에게 신체적 고통을 주는 행위를 지속하고 있기 때문에 당연히 그 사용을 제한하여야 한다고 판단됩니다. 공장에서 대기오염물질을 배출하는 것과 무엇이 다른지 모르겠습니다. 모닥불을 지피지 않고도 충분히 캠핑업을 할 수 있고, 주변 주민들의 고통을 수차례 전달하였음에도 불구하고 모르쇠로 일관하고 있어 고통이 가중되고 있습니다. 상기 대기환경보전법 42조에  따라 주거 지역 근방에서 캠핑장 사업자의 땔나무의 사용을 제한하여 주십시오. 목이 아파서 살 수가 없습니다. 서울특별시민으로서 이러한 고통을 겪어야 한다는 것이 상상이 되지 않습니다. 관련 법령이 있음에도 소극적인 행정으로 시민들이 고통받을 수는 없지 않습니까? 존경하는 시장님께서 은평구 진관동 시민들의 고통을 모른 척 말아주시고 현존하는 법령이 제대로 적용될 수 있도록 작은 관심 부탁드립니다."
44,합리적이고 과학적인 방역지침을 만들어주세요,2022-01-16,"안녕하세요,  저는 서울시에 거주하고 있는 시민입니다. 늘 기본권 침해적인 방역지침에 효용성에 대하여 의문을 가지던 중 2022. 1. 15.(금) 방역패스 효력정지 2021아13539 서울행정법원(행정4부 이하 ‘법원’ 이라 합니다)가처분 일부인용(대형마트 등) 결정(이하 ‘결정’이라 합니다)을 보고 우리 시에 시민으로서 그리고 서울지방변호사 협회 회원으로서 제안을 하고자 합니다. 결정에 따르면 가처분 신청인 신청취지 중 피신청인 보건복지부와 피신청인 질병청 부분은(이하 ‘피신청인들’ 이라 합니다) ‘피신청인들’의 스스로 주장에서 밝힌 바와 같이 방역지침(처분)을 시행할 권한은 위 ‘피신청인들’이 아니라 피신청인 서울시(이하 ‘지자체’라 합니다)에 있다고 밝힌 바, 법원이 이를 인정하여 각하되었고 그 결과 ‘지자체’에 대한 부분중 일부(대형마트 등)만 인용된 바 있습니다. 이에, 방역지침(처분)이 각 ‘지자체’(처분청)의 권한임을‘피신청인들’이 스스로 인정하였고 법원이 재차 결정으로 확인한 바, ‘피신청인’들의 방역지침은 아무런 구속력이 없으므로 방역지침을 만들고 시행할 권한은 ‘피신청인들’이 아닌 각 ‘지자체’에 있음이 분명합니다.  따라서 우리 시에서는 방역지침을 만드는 ‘지자체’  즉, 처분청으로서, 비과학적이고 효과도 없는 질병청 등의 지침과 달리 과학적이고 합리적인 방역정책을 시행하였으면 하면 합니다. 해외 사례를 살피면 방역패스의 목적의 정당성은 백신 접종률을 높여 거리두기 등의 봉쇄정책을 대체함에 있을 뿐, 방역패스는 그 자체가 목적이 될 수 없습니다.  따라서 해외에서는 방역패스를 시행하는 대신에 거리두기 정책을 완화하고 있고 그 마저도 각 국가마다 상이한 차이는 있긴 하나, 백신 접종률이 80%이상이면 대체로 방역패스 까지 폐지하는 추세입니다. 반면 국내 상황을 보면 전세계에서 가장 높은 백신 접종률을 보이고 있음에도 불구하고 거리두기나 마스크 정책을 시행하지 않으려고 하는 방역패스를 오히려 거리두기와 함께 시행하여 과도하게 기본권을 침해하고 있습니다. 더 나은 대안은 분명히 존재합니다. 코로나 초기부터 전염학자들 사이에서 격리정책(존스노우메모랜덤) 과 투트랙 정책(베링턴선언) 어떤 정책이 적절한지 논쟁이 있어왔습니다. 베링턴 선언을 부연하자면 취약계층은 보호하고 젊은층은 감염되서 교차면역 형성하자는 주장으로서, 국내에서는 경북대학교 이덕희 교수님들이 비슷한 논지를 취하고 있습니다. 베링턴 선언과 유사한 방역정책을 시행한 국가는 동서양을 대표하여 각 일본과 스웨덴입니다. 코로나 사태 후 만2년이넘게 경과한 시점에서 다시 살피건대 초기에 실패했다고 폄하되었던 스웨덴과 일본이 각 아시아와 유럽에서 인구당 코로나 피해가 가장 적은것으로 밝혀졌습니다. 확진자 숫자가 중요한것이 아닙니다. 치명률과 중증환자가 중요합니다. 순천향대학교 이은혜 교수님 발언을 인용하면, 병상이 부족한 이유는 비합리적인 방역정책 때문에 의료진이 수시로 격리되고 코로나 검사를 기다리다 더 큰 피해를 입는 환자들이 넘치기 때문이지 코로나 그 자체가 치명적인 것은 아닙니다. 바로 2년동안 퍼졌던 인식 때문에 병상이 부족한 것입니다.  코르페니쿠스의 전환처럼 인식의 전환이 필요한 시점입니다. 과학계의 역사를 살피건대 학자들 사이에서도 늘 입장이 첨예하게 대립하였고 행정부 또는 권력이 어느 한쪽 손을 들어주었다고 해서 반대 진영이 비과학적이게 되는건 아니며, 이런 태도야 발로 반지성주의라 할 수 있습니다.  코로나 초기부터 봉쇄정책에 반대한 학자들이 있었고 국내에도 존재하고 있습니다. 그리고 단 기간이 아닌 2년간 데이터를 살피건대 봉쇄정책을 따른 국가들이 교차면역을 시행한 국가보다 더욱 피해가 적었다는 근거는 어디에도 없습니다. 한국과 마찬가지로 세계 각지에서 사법부가 행정권력의 과도한 방역 지침에 제동을 걸고 있습니다. 마침 법원의 결정이 방역지침의 권한은 질병청 및 보건복지부가 아닌 각 지자체에 있다는 정부의 주장을 재차 결정으로 확인한 이 시점에서 서울시가 결단을 내려 높은 백신 접종률을 가진 한국에 맞는 합리적이고 과학적인 방역지침을 만들 때라고 생각합니다. 근 2녀간 수 많은 국민들이 일방적으로 희생당했습니다. 학생들은 배울 권리를 박탈당했고, 자영업자들은 이제 더 이상 버틸 힘도 없는 시점입니다. 오미크론이 대세종이 된 시점 아니 그 이전부터 많은 국민들은 코로나보다 방역이 두려운것이 현실입니다. 이에, 많은 사람들이 납득할 수 있는 합리적인 방역지침을 만들어 주시길 바랍니다. 법원의 결정이 난 만큼 서울시에서 용단을 내려 기본권을 침해하는 방역이 아닌 진정 사람을 살리는 방역으로 전환하길 바라는 마음으로 위와 같은 제안을 합니다."
45,권역별 시민청 조성 사업은 어떻게 진행되고 있나요?,2022-01-12,서울시정 수행에 수고가 많으십니다. 권역별 시민청 조성 사업과 관련하여 질문 드립니다.2020년에 권역별 시민청 조성 사업에 대해 타당성 연구가 진행된 것으로 알고 있습니다. 문화 사각지대에 시민청이 건립된다는 뉴스를 접하고 서울시민으로서 기대가 컸습니다. 2020년 타당성 조사 후 현재 진행되고 있는 상황과 앞으로의 계획은 어떻게 되는지 궁금합니다. 감사합니다.
46,광화문을 금융허브로,2022-01-12,"한양도성안의 1)삼성그룹 현대그룹 등은 강남으로, 2)행정은 세종시로 떠나버렸습니다. 3)관광관련산업도 대부분 문을 닫았습니다. 길을 잃었습니다.도심 공동화 현상이 심각하고, 관련 자영업 소상공인의 폐업이 줄을 잇고 있으며, 일자리가 급감하고 있습니다.다행히 지역 전통 금융산업인 한국은행, 미래에셋, 하나외환은행 등과 다국적기업 서울사무소가 명맥을 유지하고 있습니다. 한편 홍콩은 해가 저물고 있어 금융기업 다국적기업 등이 다른 지역으로 이전하거나 준비하고 있습니다. 일부는 광화문을 선택합니다.런던 뉴욕 홍콩 싱가포르와 같이 광화문을 세계적인 금융허브와 다국적기업 비즈니스센터로 집중 육성할 절호의 기회입니다.광화문을 홍콩과 같이 세계적인 금융비즈니스센터로 육성하기 위해 시장님께서 직접 추진위원장을 맡아주시면 참 좋겠습니다.감사합니다."
47,C19 극복을 위한 [안심업장] 인증 구조,2022-01-11,C19 극복을 위한 [안심업장] 인증 구조식당의 예를 들면 테이블별로 구역을 묶어 투명 아크릴로 분리하여 감염 발생이 있는 경우 그 구역만 폐쇄하고 감염과 무관한 구역은 계속 영업하기 위한 고안임1. 공간 ABC는 각각 밀폐된 독립공간이며 독립된 출입문이 있다.2. 각 객실에는 건물 외부에 연결된 맑은 공기를 유입한다.3. 각 실내 공기는 팬으로 강제 배출된다. 4. 현재 운영 중인 불고깃집 연기 배출 구조에 아크릴로 칸막이만 하고 외부 공기 유입 설비만 각 실에 추가했다고 생각하면 된다.5. C19 감염이 발생한 경우 어느 객실인지 확인하여 그 객실만 폐쇄하고 영업은 계속하면 된다.   - 기대효과 -1. 식당 외에 노래방 피시방 등 여러 업장에 확대 적용할 수 있다.2. 우선 서울시 또는 수도권만이라도 조례를 만들어 실행된다면 절박한 소상공인들 삶에 큰 도움이 될 것이다.
48,뚯섬유원지 수영장내 콘테이너 철거,2022-01-08,저는 뚝섬유원지역 주위에 거주하는 주민으로 한강공원은 세계의 어느 곳과도 비교할 수 없을 정도로 잘 관리되어 있으며 특히 생활 편리시설에 대하여  늘 자부부심을 갖고 있습니다.때문에 저를 위시한 타지역에서도 이곳을 이용하는 사람은 아마도 하루에 수천은 되리라 생각 됩니다.하지만 뚝섬유원지 수영장내 유람선 맞은편쪽에는 (아마도 수영장 시공시라고 생각됨 )8개의 콘테이너가 방치되어 있습니다.혹여 여름 성수기라도 사용하나 싶어 유심히 살펴 보았지만 사실상 방치되어 있다는 사실을 알게 되었습니다.더구나 일부 콘테이너 안에는 당시의 현수막등을 비롯한 보기 흉한 잡다한 것들이 지나는 사람들로 하여금 눈살을 찌뿌리게 합니다.건의컨데  본 콘테이너는 1.자원의 재활용도 면에서 고려해야하고2.수영장의 미관을 위하여3.특히 시민의 세금이 허비되고 있다는 사실에 주목해야 할 것입니다. 수고하세요.
49,서울시의 공무직 고령화 적합직종 철회를 요청합니다.,2022-01-08,"서울시는 공무직원들중 시설청소원, 시설경비원들의 채용에 관하여고령화 적합직종이라하여 50세이상만 채용을하고 있습니다.이것은 서울특별시 고용상의 차별행위 금지 조례  제 2조 (정의)2. ""차별행위""란 고용분야에서 합리적인 이유 없이 성별, 종교, 장애, 나이, 사회적 신분, 출신 지역 및 국가, 용모, 혼인, 임신·출산, 가족상황, 병력, 학력, 그 밖의 사유로 특정한 사람 또는 특정한 사람들이 속한 집단을 우대·배제·구별하거나 불리하게 대우하는 행위(중립적인 기준을 적용했음에도 특정한 사람이나 집단에게 불리한 결과를 야기한 경우도 포함한다)를 의미한다.를 위반하는 것으로 청년도 고용상 차별을 두지 말아야 함에도 차별을 하고 있습니다.서울시는 25개의 자치구에 이와 비슷한 업무를 하는 환경미화원이 존재하고있고환경미화원은 고령화적합 직종으로 분류되지 않고 채용상 나이에 대한 제한도없습니다. 공정한 채용을 위하여 고령화적합직종이라는 서울시 공무직 시설청소원, 시설경비원을나이제한을 폐지하여 청년에게도 공정한 채용의 기회를 주시기 요청드립니다."
50,GTX-C 창동~도봉구간 지상화 반대 및 원안회귀,2022-01-06,"GTX-C노선 사업은 2011년과 2016년에 각각 제2차, 제3차 국가철도망 구축계획어 반영되어 민자사업으로 추진되어 왔습니다.이 사업의 타당성 검증을 위해 2017년부터 2018년 12월까지 '예비타당성조사'가 이루어 졌고, 2019년부터 2020년 10월까지 '타당성 조사'가 이루어진것으로 알고 있습니다.GTX-C 사업은 이러한 타당성 검증 결과에 기초하여 추진되었으며, 덕정역부터 도봉산역 인근까지 1호선(경원선)철로를 공유하고, 도봉산역 인근 분기점부터 남쪽으로 지하 전용철로가 개설될 예정이었습니다.이같은 내용은 2018년 12월 11일 공공투자관리센터(PIMAC)의 예비타당성 조사보고서, 2020년 10월 30일 국토부 타당성조사 보고서에 그대로 반영되어 있습니다.그런데 2022년 초 실시협약 체결을 앞두고, 민간사업자(우선협상대상자 현대건설 컨소시엄)와 실무협의가 진행되는중 도봉산-창동 구간에 대해 갑자기 지상화 하는 소식이 언론보도를 통해 나오고 있습니다.이는 서울시장께서 추진 중인 서울 지하철 전노선 지하화에 전면으로 대척되는 정책임과 동시에 도봉구 지역주민들이 더욱 낙후되는 방향입니다.철저히 시장께서는 면밀히 검토해주시고 불합리한 방향을 정당한 방향으로 돌려놔주시기를 간곡히 요청드립니다."
51,송현동 이건희 미술관 활용방안 제안,2021-12-30,"안녕하십니까. 서울시 도시개발에 관심이 많은 학생입니다.송현동 대한항공부지가 멋지게 개발되기를 염원해왔던 시민으로써, 이번에 지어질 이른바 이건희 미술관의 건립에 큰 기대를 걸고 있습니다.그런데 한가지 제안드리고 싶은 점이 있습니다.아시다시피 경복궁의 내부에는 외국인 관광객을 대상으로 한 관광버스 주차장이 자리하고 있습니다. 저는 이것이 예전부터 마음에 들지 않았습니다.내부에 버스주차장이 있다는 것 자체가 우선 궁궐의 격을 떨어뜨릴 뿐만아니라, 미적으로도 썩 좋지 않다고 생각하기 때문입니다.물론 현실적으로 그동안 어쩔수 없이 유지되었던 이유는 알고 있습니다. 종로/사대문 일대는 주차시설이 턱없이 부족한데다가, 관광버스의 불법주차로 인한 교통체증 유발도 심각하기 때문에 그동안 허허벌판이었던 경복궁을 제외하면 대체부지가 없었으니까요.그런데 이제 송현동 부지가 개발되지 않습니까? 그러면서 든 생각이 바로 경복궁에 위치한 관광버스 주차장을 송현동 부지에 이전하면 좋겠다는 겁니다. 이건희 미술관을 건설할 때 관광버스 주차장도 함께 건설하는 것이지요. (지하로 지으면 더 좋을 것 같습니다. 다만, 현재 땅을 가지고 있는 삼성그룹과의 조율이 반드시 필요하겠지요.)코로나 19 사태가 끝나고 나면 다시 서울에도 외국인 관광객이 물밀듯이 들어오겠지요. 특히 BTS나 드라마 등으로 인해 한국에 대한 관심이 크게 증가한 요즘, 대한민국의, 특히 서울의 관광 잠재력은 그 어느 때보다도 높다고 생각합니다. 그렇기에 서울의 얼굴이나 마찬가지인 광화문/종로 일대는 더욱 더 미관에 신경을 쓸 필요가 있지 않을까 생각이 듭니다. 만일 관광객들이 단체버스를 타고 궁궐에 내리게 되면 과연 무슨 생각을 하게 될까요?오세훈 시장님께서는 도시개발에 있어서 디자인과 공적공간의 확보를 중시하는 철학을 갖고 계신 분이라고 알고 있습니다. 아직 삼성에서 미술관을 어떻게 지을 지 결정된 바가 없는 지금이 시장님께 제안 드리기 적합한 시기라고 생각하여 이 게시판을 통해 건의드립니다.어떻게 생각하십니까? 시장님의 답변 기다리겠습니다."
52,서울광장 제설 담당자 칭찬합니다:),2021-12-29,안녕하세요?퇴근길에 뉴스를 보는데 마음이 따뜻해져서 이렇게 서울시청 홈페이지에 로그인까지 하게 만드시네요.다들 지쳐있는 시국에하트 모양 제설로 위로를 다 받네요.담당자 마음이 우리한테 전해졌듯저의 감사 인사가 담당자에게 전달되길 바랍니다.너무 감사합니다.^^*뉴스 바로가기https://news.v.daum.net/v/20211229172354276
53,신속통합기획 1년에 100군데 이상 지정해야합니다,2021-12-28,"신속통합기획 !! 재개발 뉴타운이 예전에 약250곳중 대부분 해제되었습니다 그런데,,,1년에 25군데,,,이번엔 21개구역,,,!!! 오시장님이 내년에 당선되어도,,,,4년동안 지정해도 100군데도 안되는데,,,, 어느세월에 주택공급합니까??? 한번에 100군데 이상 지정해야 ,,,아니250군데를 한번에 지정해야 공급효과가 있습니다!!! 투기도 끊을수 있습니다 부동산 안정을 위해 말입니다"
54,시내버스 전기 2층버스 도입(150 단축을 위해서라도),2021-12-25,"서울시내버스는 총량제로 인해 순증차가 불가능합니다. 에에 2층버스 도입 목소리도 있지만 가스 모델이 없어 안됐죠? 그런데 전기 2층버스가 나왔네요? 지금 경기도 광역버스에 속속도입되고 있습니다. 서울시도 중복노선 최소화를 위해선 2층버스 도입하는게 좋아보입니다. 특히 5531에 전기 2층버스를 최소 10대 도입해 출퇴근시간에 운행시키면 150번 단축길이 열립니다. 150, 160 등에 2층버스가 운행되면 도봉로 연선에서 차를 빼서 타 지역에 증차하는게 가능해집니다. 741에 투입하면 강남대로에서 노선 1개 뺄 수 있습니다.시내버스 전기 2층버스 도입. 이젠 필수입니다."
55,서울시 주택정책실 전략사업과에 요청드립니다. ,2021-12-24,"서울시 주택정책실 전략사업과에 요청드립니다. 현재 서울시 강서구 등촌2동 등촌초 남측토지는 소규모 관리지역 후보지로 선정되어, 강서구청에서 소규모 관리계획이 수립중입니다. 강서구 등촌2동 등촌초 남측토지는 최근 20년 간 경관지구 해제청원 등의 민원이 빗발치고 있으나, 이에 대한 현실적인 대책이 마련되지 못한 가운데, 최근 소규모 관리계획(지구단위계획)을 통해서 정비사업을 진행하기 위한 최소한의 조건을 만들고자 주민들이 강서구청과 손잡고 노력하고 있습니다.등촌2동의 정비사업 추진에 있어서 가장 큰 걸림돌 중 하나는 경관지구입니다. <서울시 도시관리계획 용도지구 재정비> 보고서에 따르면, 정비사업과 도시개발이 지속적으로 시행되면서 자연경관지구 등 규제수준이 상대적으로 높은 지역을 중심으로 주변지역과의 형평성, 지정 취지와의 정합성 등 용도지구 조정에 대한 개별적인 주민요구가 지속되고 있고, 지역적 여건 변화를 종합적으로 검토하여 용도지구 개편에 따른 용도지구별 운영방향 및 관리원칙을 정립할 필요가 있다라고 기술되어 있습니다. 또한 지구단위계획은 경관적 가치 향상하고 지역특성을 보존하기 위해, 기존의 정량적이고 평면적인 도시관리 수법의 한계를 극복할 수 있도록 입체적 공간관리로 전환할 필요성이 있다라고 의견을 제시하고 있습니다.이에 따라 등촌2동 주민들은 등촌2동 등촌초 남측토지에 대한 소규모 관리계획(지구단위계획) 수립에 있어서 경관지구 중 해발고도 40m 이하의 영역에 대해서 조정대상지로서 경계 조정을 요청드립니다. 이에 대한 근거로서 자연경관지구의 목적이 도심지의 내사산 주변의 자연경관을 보호하는 것에 있으나, 현재 등촌2동 자연경관지구 인근의 조망에 있어서 봉제산근린공원이 조망가능한 조망점이 오직 근경에 있어서만 도로 위의 위치에서만 가능하고, 원경에서의 조망점은 존재하지 않다는 점을 제시합니다.이러한 맥락은 77년 등촌2동 풍치지구 지정 당시에는 해당 지역에 3층 이상의 건축물이 거의 없던 시절이었기 때문에 일부 건축물 위로도 봉제산 조망이 가능했을 지 모르지만, 현재는 4, 5층의 다세대, 다가구 밀집지역으로서 근경, 중경, 원경에서 건축물 위로 봉제산 조망이 불가하고, 오직 봉제산 방향으로 나있는 도로 위에서만(근경) 봉제산이 조망 가능하게 되었습니다. 또한 주간선도로(등촌로), 등촌역인근은 고층의 상업시설과 집합주택, 청년주택 등의 건축물로 인해 원경에 있어서 등촌2동 등촌초 남측토지를 통과하여 봉제산을 조망할 수 있는 조망점은 존재하지 않는 것입니다.해당 영역에서 봉제산에 대한 조망권과 녹지축으로의 역할을 강화하고자 한다면, 근경 조망이 가능한 지점들에서 조망축 설정과 조망축에 따른 경관시뮬레이션을 통해, 공원 기부채납 등의 도시계획이 필요하고, 봉제산으로 접근하기 위한 녹지네트워크가 등촌초, 백석중, 영일고, 아이파크 등의 영역에서는 차폐되어 있기 때문에, 해당 지역(등촌초 남측토지)의 보차분리, 정비사업을 통한 도로폭 확보 및 마을길 네트워크 구축의 도시계획이 필요합니다.이러한 불합리한 지역여건을 고려하여 합리적으로 경관지구의 재정비 방향을 수립해주실 것을 요청드립니다."
56,원효로1가 역세권재개발 권리산정기준일 조기지정 촉구!!,2021-12-22,"오세훈 서울시장님, 역세권 주택정비사업의 권리산정일 기준시점을 조속히 지정해주십시오!!역세권시프트사업은 이미 15년전에 오세훈 시장님께서 서울시 주택공급난 해결을 위해 정책 수립해내신 최고의 시정사업으로 다시 귀환하신 지금에도 최고의 치적사업으로 평가되어 더욱 확대 추진되고 있습니다.그런데 이 역세권 정비예정구역에 권리산정기준일이 조기 지정되어 있지 않아 신축분양 쪼개기 투기행위가 기승을 부려 재개발 노후도와 사업성에 지대한 지장을 주고 있습니다.서울시가 최근 추진하는 신속통합기획과 공공재개발은 공히, 공모공고일을 권리산정기준일로 정합니다. 역세권 도시정비형 재개발사업의 경우는 상한용적률 대비 증가용적률의 50%를 공공임대주택으로 공급하는 점에서 민간재개발 신속통합기획 또는 공공재개발보다 훨씬 공공성이 높으므로, 늦어도 지자체의 공적인 참여일을 권리산정기준일로 지정해야 함이 마땅합니다. 원효로1가의 경우 남영-효창공원앞 역세권 도시정비형 정비계획 입안 및 사전검토 신청일(4월12일)이 권리기준일로 적합하나, 사전검토에 대한 지자체의 회신일(7월6일)인 사전검토 결과 알림일을 지자체가 주도적으로 모종의 공적인 참여를 한 날로 보고, 이 날을 확실한 권리기준일로 정할 수 있다고 봅니다.  한편 사전검토에 대한 조치계획을 지자체에서 확인할 수 없는 상태에서 지자체의 공적인 참여가 어려울 것이므로, 그 조치계획과 함께 정비구역지정 신청요건 제반서류 일체를 제출 접수한 날(10월 15일)을 확고부동한 권리산정기준일로 정할 수 있다고 사료됩니다.이것은 도시정비법을 빌려 해석해도 기본계획 수립 후, 즉 사전검토 후 정비구역 지정고시 전에 따로 정하는 날 다음날을 기준일로 하는 기본원칙 내용과 상통한다고 봅니다.온갖 민원과 소송 제기를 감수하더라도, 지자체가 행위제한 열람 공고로 ‘기타 세대수 및 분양대상자를 증가시키는 일체의 행위’를 제한하는 열람공고를 한 날(11월12일) 만큼은 명백한 권리산정기준일로 속히 지정되어야 합니다.이에 대해 이미 수 차례 서울시와 용산구청을 번갈아 가며 집단민원 제기와 담당부처 상담을 진행해봤으나 석 달째 서로에게 실행을 미루고 있어 지역주민들의 애끓는 속은 나날이 타 들어만 가고 구역지정을 위한 후속 절차는 답보상태에 머무르고 있어 역세권시프트의 최초 정책 입안자이신 오세훈 서울시장님께서 직접 나서서 특단의 조치를 취해 주시길 간청 드리는 바 입니다."
57,당산동5가 거주자우선주차,2021-12-22,"안녕하십니까?당산동으로 이사와 살고 있는 주민 000입니다.주택을 구입하였을 때 골목길이 좁아서 주차를 할 수 없는 상황에 난감하였으나다행히도 거주자우선주차제도가 있어서 신청하였고, 계속 사용을 할 수 있었습니다.그런데 2021년 9월 기존 주차면이 2022. 1. 1.부터 폐쇄된다고 다른 곳으로 신청하라고연락이 왔습니다.그리하여 신청기간에 새로이 신청하였으며, 기존 사용자였으니 당연히 배정 기대하였지만, 배정에서 탈락되었다는 소식을 문자로 받게되었습니다.문의하였더니 그것은 집과 우선주차 공간과 거리가 멀다는 이유로 배정에서 탈락되었던 것입니다. 동일 대기자중 제일 꼴찌에 있다고 하더군요.우선순위로 배정받은 사람은 주차공간과 가까운 아파트 단지 거주자가 대부분이었습니다.아파트에는 자유로이 빈 주차장에 세울수 있는 혜택이 있고, 또한 1가구 2차량이 되는 넉넉한 사람들일 것이고, 일반 단독주택에 살고 있으나 주차공간과 없는 사람들은 차도 사지 말라는 것인지요.단지 집과 멀다는 이유로 불이익을, 조금 멀어도 주차할 수 있다면 그것이 대수이겠습니까?주차배정에서 불이익을 받는다는 것은 이해가 가지 않습니다.기존 주차공간을 없애고 다른 곳에 신청하라 해서 신청하였더니 주차공간과 멀어서 배정이 안되었다는 것은 불공정한 제도라 생각합니다.기존에 있던 주차공간이 없어진 이유도 이해가 가지 않습니다.유치원(어린이집)이 길 건너편에 있으나 위험하지 않은 곳입니다. 오히려 주차공간 있던 옆은 쉐보레 A/S센터로 차량이 수시로 오가는 길입니다. 이것이 오히려 위험하지 않나 싶습니다.아침 7시에 출근하여 저녁 6시 이후에 주차를 하고 있어서 아이들과는 무관합니다.시장에 바랍니다.기존 주차공간을 다시 원상복구 시켜 그나마 부족한 주차공간을 확보하여 주시기 바라며, 또한 거리를 통한 주차배정제도도 개선하여 주시길 바랍니다.주택에 살고 작은 시민의 바램입니다."
58,강북구 수유12구역 공공주도3080을 반대합니다,2021-12-21,"서울시장님저는 강북구 수유12구역에 살고 있는 주민입니다.본인은 이 지역에 평생살고자  하는 주민입니다.본인의 집에는 4가구의 독거노인들이 거주하고 있습니다,수유12구역은 갈곳이 없는  어려운 이웃들이 살기 좋은 곳입니다.몸이 편찮으신 분들.거동이 불편하신분들이 맘편히 살고 계십니다.느닷없는 공공주도3080의 발표로 이렇게 어려운 독거노인들은 어디로 쫓겨납니까더이상 갈곳이 없습니다.본인집에 거주하는 독거노인들은 공공주도3080으로 잠을 못이루고 매일 걱정과 불안에 병이 났습니다.이렇게 어려운 이웃들을 마음 편하게 살수 있도록 해주십시요,공공주도3080을 막아주십시요.수유12구역을 이대로 살수 있도록 해주십시요."
